Scalar,Scalar
0.000000,39.123680
0.011266,39.123680
0.022532,39.123680
0.045064,39.123680
0.067595,39.123680
0.090127,39.123680
0.315445,39.123680
0.540763,39.123679
0.766081,39.123678
0.991399,39.123676
1.310039,39.123673
1.315378,39.123673
1.320717,39.123673
1.331394,39.123673
1.342072,39.123673
1.352750,39.123672
1.423832,39.123672
1.494915,39.123671
1.565997,39.123670
1.670502,39.123668
1.775006,39.123666
1.879510,39.123664
1.984015,39.123662
2.030148,39.123662
2.076281,39.123661
2.122415,39.123660
2.208679,39.123658
2.294942,39.123656
2.381206,39.123654
2.467470,39.123652
2.513228,39.123651
2.558986,39.123649
2.604744,39.123648
2.650502,39.123647
2.781952,39.123644
2.913402,39.123640
3.044852,39.123637
3.176302,39.123634
3.307752,39.123631
3.439202,39.123628
3.570653,39.123625
3.702103,39.123622
3.868239,39.123618
4.034375,39.123615
4.151213,39.123613
4.268051,39.123610
4.384889,39.123608
4.501727,39.123606
4.618565,39.123604
4.735403,39.123602
4.852241,39.123600
4.969079,39.123598
5.085917,39.123596
5.202755,39.123594
5.319593,39.123591
5.362752,39.123591
5.405912,39.123590
5.449071,39.123589
5.492230,39.123588
5.523604,39.123588
5.554978,39.123587
5.586353,39.123587
5.617727,39.123586
5.633415,39.123586
5.649104,39.123586
5.664793,39.123585
5.723192,39.123584
5.781592,39.123583
5.839991,39.123582
5.898391,39.123582
5.973488,39.123580
6.048585,39.123579
6.123683,39.123578
6.198780,39.123577
6.273877,39.123576
6.311229,39.123576
6.348580,39.123575
6.385931,39.123575
6.423283,39.123574
6.447078,39.123574
6.470873,39.123573
6.494669,39.123573
6.559670,39.123572
6.611288,39.123572
6.662906,39.123571
6.714524,39.123570
6.766141,39.123570
6.826625,39.123569
6.887109,39.123568
6.947593,39.123568
7.008077,39.123567
7.068561,39.123566
7.106426,39.123566
7.144290,39.123565
7.182155,39.123565
7.220020,39.123565
7.257885,39.123564
7.329013,39.123564
7.374733,39.123563
7.420453,39.123563
7.456655,39.123562
7.492857,39.123562
7.529059,39.123562
7.565262,39.123561
7.607004,39.123561
7.648747,39.123561
7.690489,39.123560
7.732232,39.123560
7.773974,39.123560
7.826919,39.123559
7.879865,39.123559
7.932810,39.123558
7.985755,39.123558
8.038701,39.123558
8.104292,39.123557
8.169883,39.123557
8.235474,39.123556
8.289577,39.123556
8.343680,39.123556
8.397782,39.123556
8.451885,39.123555
8.505988,39.123555
8.560091,39.123555
8.619905,39.123555
8.679719,39.123554
8.739534,39.123554
8.799348,39.123554
8.859163,39.123554
8.918977,39.123554
8.978792,39.123554
9.038606,39.123553
9.098421,39.123553
9.158235,39.123553
9.218050,39.123553
9.277864,39.123553
9.345706,39.123553
9.413548,39.123553
9.481390,39.123553
9.549231,39.123553
9.617073,39.123553
9.630642,39.123553
9.644210,39.123553
9.657778,39.123553
9.671347,39.123553
9.684915,39.123553
9.712052,39.123553
9.739189,39.123553
9.766325,39.123553
9.793462,39.123553
9.844168,39.123554
9.883055,39.123554
9.921941,39.123554
9.960828,39.123554
9.992239,39.123554
10.023650,39.123554
10.055062,39.123554
10.086473,39.123554
10.135680,39.123554
10.184888,39.123555
10.225474,39.123555
10.266060,39.123555
10.306647,39.123555
10.347233,39.123555
10.387820,39.123556
10.458635,39.123556
10.529451,39.123556
10.583998,39.123557
10.638545,39.123557
10.693091,39.123557
10.747638,39.123558
10.802185,39.123558
10.856731,39.123559
10.923677,39.123559
10.990622,39.123560
11.057568,39.123560
11.110604,39.123561
11.163640,39.123561
11.216676,39.123562
11.269713,39.123562
11.322749,39.123563
11.375785,39.123563
11.439506,39.123564
11.448693,39.123564
11.457880,39.123564
11.467067,39.123565
11.476254,39.123565
11.485441,39.123565
11.503815,39.123565
11.522189,39.123565
11.540563,39.123565
11.558937,39.123566
11.597292,39.123566
11.635646,39.123566
11.674001,39.123567
11.712355,39.123567
11.750710,39.123568
11.797588,39.123569
11.834101,39.123569
11.870613,39.123569
11.907125,39.123570
11.943638,39.123570
11.988233,39.123571
12.032827,39.123572
12.077422,39.123572
12.122017,39.123573
12.166612,39.123574
12.211207,39.123574
12.255802,39.123575
12.300396,39.123576
12.353000,39.123577
12.405604,39.123578
12.458207,39.123578
12.510811,39.123579
12.563415,39.123580
12.616018,39.123581
12.697226,39.123583
12.761801,39.123584
12.826376,39.123585
12.876338,39.123586
12.926299,39.123587
12.976261,39.123588
13.026223,39.123589
13.076184,39.123590
13.126146,39.123591
13.190394,39.123592
13.242135,39.123593
13.293876,39.123594
13.345617,39.123596
13.397357,39.123597
13.449098,39.123598
13.500839,39.123599
13.561417,39.123600
13.621995,39.123602
13.682574,39.123603
13.743152,39.123605
13.803730,39.123606
13.864308,39.123608
13.933274,39.123609
13.990739,39.123611
14.048204,39.123612
14.105668,39.123614
14.151976,39.123615
14.198283,39.123616
14.244590,39.123617
14.290897,39.123619
14.337204,39.123620
14.383511,39.123621
14.447877,39.123623
14.512242,39.123625
14.576608,39.123627
14.629206,39.123628
14.681804,39.123630
14.734402,39.123631
14.787000,39.123633
14.839597,39.123634
14.892195,39.123636
14.944793,39.123638
14.997391,39.123639
15.049989,39.123641
15.102587,39.123642
15.155185,39.123644
15.207783,39.123646
15.271369,39.123648
15.323587,39.123650
15.375805,39.123651
15.428022,39.123653
15.480240,39.123655
15.532458,39.123656
15.584676,39.123658
15.636893,39.123660
15.689111,39.123662
15.741329,39.123664
15.793546,39.123665
15.845764,39.123667
15.897982,39.123669
15.950199,39.123671
16.002417,39.123673
16.054635,39.123675
16.106852,39.123677
16.159070,39.123679
16.211288,39.123680
16.263505,39.123682
16.315723,39.123684
16.367941,39.123686
16.420159,39.123688
16.472376,39.123690
16.524594,39.123692
16.576812,39.123694
16.629029,39.123696
16.681247,39.123698
16.733465,39.123700
16.785682,39.123702
16.837900,39.123705
16.890118,39.123707
16.942335,39.123709
16.994553,39.123711
17.059076,39.123714
17.123599,39.123716
17.188122,39.123719
17.252645,39.123722
17.317169,39.123724
17.381692,39.123727
17.446215,39.123730
17.510738,39.123732
17.575261,39.123735
17.639784,39.123738
17.704307,39.123741
17.768830,39.123744
17.833353,39.123747
17.897876,39.123749
17.962399,39.123752
18.026922,39.123755
18.091446,39.123758
18.155969,39.123761
18.220492,39.123764
18.285015,39.123767
18.349538,39.123770
18.414061,39.123773
18.478584,39.123776
18.529329,39.123778
18.580073,39.123781
18.630818,39.123783
18.681563,39.123786
18.689313,39.123786
18.697063,39.123786
18.704812,39.123787
18.712562,39.123787
18.720312,39.123788
18.735812,39.123788
18.751312,39.123789
18.766812,39.123790
18.782312,39.123790
18.817432,39.123792
18.852553,39.123794
18.887674,39.123796
18.922795,39.123797
18.972782,39.123800
19.022768,39.123802
19.064008,39.123804
19.105248,39.123806
19.146488,39.123808
19.187728,39.123810
19.228968,39.123812
19.270208,39.123814
19.311449,39.123817
19.352689,39.123819
19.399700,39.123821
19.446712,39.123823
19.493724,39.123826
19.540735,39.123828
19.587747,39.123831
19.642698,39.123833
19.697649,39.123836
19.752600,39.123839
19.807550,39.123842
19.862501,39.123845
19.917452,39.123848
19.972403,39.123851
20.027354,39.123854
20.082305,39.123856
20.137256,39.123859
20.192207,39.123862
20.247157,39.123865
20.302108,39.123868
20.357059,39.123871
20.412010,39.123874
20.422120,39.123875
20.432230,39.123875
20.442340,39.123876
20.452449,39.123876
20.462559,39.123877
20.482779,39.123878
20.502999,39.123879
20.523218,39.123880
20.543438,39.123881
20.571283,39.123883
20.593575,39.123884
20.615867,39.123885
20.638159,39.123887
20.669701,39.123888
20.701242,39.123890
20.732783,39.123892
20.764325,39.123894
20.804514,39.123896
20.844704,39.123898
20.884894,39.123900
20.925083,39.123903
20.965273,39.123905
21.005462,39.123907
21.045652,39.123910
21.085842,39.123912
21.132221,39.123915
21.170049,39.123917
21.207877,39.123919
21.245705,39.123921
21.283533,39.123923
21.321361,39.123926
21.370475,39.123928
21.406928,39.123931
21.443380,39.123933
21.479832,39.123935
21.516285,39.123937
21.552737,39.123939
21.601641,39.123942
21.638457,39.123944
21.675272,39.123946
21.712087,39.123949
21.748902,39.123951
21.785717,39.123953
21.832437,39.123956
21.869445,39.123958
21.906453,39.123960
21.943461,39.123963
21.980469,39.123965
22.017477,39.123967
22.062010,39.123970
22.106543,39.123973
22.151076,39.123976
22.195609,39.123978
22.240142,39.123981
22.285481,39.123984
22.330820,39.123987
22.376159,39.123990
22.421497,39.123993
22.466836,39.123995
22.499733,39.123998
22.532629,39.124000
22.565525,39.124002
22.598421,39.124004
22.631317,39.124006
22.664213,39.124008
22.697109,39.124010
22.730005,39.124013
22.767005,39.124015
22.804004,39.124017
22.841004,39.124020
22.878003,39.124022
22.915002,39.124025
22.960210,39.124028
22.997675,39.124030
23.035140,39.124033
23.072605,39.124035
23.110071,39.124038
23.147536,39.124040
23.189201,39.124043
23.230865,39.124046
23.238740,39.124047
23.246615,39.124047
23.254490,39.124048
23.262365,39.124048
23.278115,39.124049
23.293865,39.124050
23.309615,39.124051
23.325365,39.124053
23.361626,39.124055
23.397887,39.124058
23.434148,39.124060
23.470409,39.124063
23.506670,39.124065
23.542931,39.124068
23.579191,39.124070
23.615452,39.124073
23.651713,39.124075
23.687974,39.124078
23.724235,39.124081
23.760496,39.124083
23.796757,39.124086
23.833018,39.124088
23.869279,39.124091
23.905540,39.124094
23.941801,39.124096
23.978061,39.124099
24.014322,39.124102
24.050583,39.124104
24.086844,39.124107
24.123105,39.124110
24.159366,39.124112
24.202322,39.124116
24.245278,39.124119
24.276825,39.124121
24.308372,39.124124
24.339919,39.124126
24.371466,39.124129
24.403013,39.124131
24.434559,39.124133
24.466106,39.124136
24.497653,39.124138
24.529200,39.124141
24.560747,39.124143
24.592293,39.124146
24.623840,39.124148
24.655387,39.124151
24.686934,39.124153
24.723821,39.124156
24.760708,39.124159
24.797595,39.124162
24.834482,39.124165
24.871369,39.124168
24.908256,39.124171
24.945143,39.124174
24.982029,39.124177
25.018916,39.124180
25.055803,39.124183
25.092690,39.124186
25.129577,39.124189
25.166464,39.124192
25.203351,39.124195
25.240238,39.124198
25.277125,39.124201
25.314012,39.124204
25.350899,39.124207
25.387786,39.124210
25.424673,39.124213
25.461560,39.124217
25.503830,39.124220
25.546100,39.124224
25.588370,39.124227
25.630640,39.124231
25.672910,39.124235
25.715180,39.124238
25.770467,39.124243
25.811256,39.124247
25.852046,39.124250
25.892835,39.124254
25.933624,39.124258
25.974413,39.124261
26.015202,39.124265
26.055992,39.124269
26.088019,39.124272
26.120046,39.124274
26.152073,39.124277
26.184101,39.124280
26.216128,39.124283
26.248155,39.124286
26.280183,39.124289
26.312210,39.124292
26.344237,39.124295
26.395720,39.124300
26.447203,39.124305
26.488621,39.124308
26.522593,39.124312
26.556565,39.124315
26.590537,39.124318
26.624509,39.124321
26.658481,39.124325
26.692453,39.124328
26.726425,39.124331
26.760397,39.124334
26.801319,39.124338
26.842241,39.124342
26.883163,39.124346
26.924084,39.124350
26.965006,39.124354
27.005928,39.124358
27.046850,39.124362
27.087772,39.124366
27.124190,39.124370
27.160608,39.124373
27.197026,39.124377
27.233444,39.124381
27.269861,39.124384
27.306279,39.124388
27.342697,39.124392
27.379115,39.124395
27.415533,39.124399
27.451950,39.124403
27.488368,39.124406
27.524786,39.124410
27.561204,39.124414
27.597622,39.124418
27.634039,39.124421
27.670457,39.124425
27.714207,39.124430
27.757958,39.124434
27.793855,39.124438
27.829752,39.124442
27.865650,39.124445
27.901547,39.124449
27.937444,39.124453
27.973342,39.124457
28.003028,39.124460
28.032714,39.124463
28.062400,39.124466
28.092085,39.124469
28.127252,39.124473
28.162419,39.124477
28.191722,39.124480
28.221025,39.124483
28.250329,39.124486
28.279632,39.124490
28.313348,39.124493
28.347065,39.124497
28.380781,39.124501
28.414497,39.124504
28.448214,39.124508
28.481930,39.124512
28.515646,39.124515
28.554848,39.124520
28.585772,39.124523
28.616697,39.124527
28.647622,39.124530
28.678546,39.124533
28.709471,39.124537
28.740396,39.124540
28.771320,39.124544
28.802245,39.124547
28.833170,39.124551
28.864094,39.124554
28.898459,39.124558
28.932824,39.124562
28.967188,39.124566
29.001553,39.124570
29.035918,39.124574
29.077233,39.124578
29.110977,39.124582
29.144720,39.124586
29.178464,39.124590
29.212207,39.124594
29.245951,39.124598
29.279694,39.124602
29.313438,39.124606
29.347181,39.124610
29.389127,39.124615
29.431073,39.124619
29.473019,39.124624
29.514964,39.124629
29.556910,39.124634
29.598856,39.124639
29.640802,39.124644
29.682748,39.124649
29.724694,39.124654
29.766639,39.124659
29.808585,39.124664
29.816141,39.124665
29.823696,39.124666
29.831251,39.124667
29.838807,39.124668
29.846362,39.124669
29.861473,39.124671
29.876584,39.124672
29.891695,39.124674
29.906806,39.124676
29.942556,39.124680
29.978307,39.124685
30.014057,39.124689
30.049808,39.124693
30.085558,39.124698
30.121309,39.124702
30.157059,39.124706
30.192810,39.124711
30.228560,39.124715
30.264311,39.124720
30.300061,39.124724
30.335812,39.124728
30.371562,39.124733
30.407313,39.124737
30.443063,39.124742
30.478814,39.124746
30.514564,39.124750
30.550315,39.124755
30.586065,39.124759
30.621816,39.124764
30.657566,39.124768
30.693317,39.124773
30.729067,39.124777
30.764818,39.124782
30.800568,39.124786
30.836319,39.124791
30.872069,39.124795
30.907820,39.124800
30.943570,39.124805
30.979321,39.124809
31.015071,39.124814
31.050822,39.124818
31.086572,39.124823
31.122323,39.124827
31.158073,39.124832
31.193824,39.124837
31.229574,39.124841
31.265325,39.124846
31.301075,39.124850
31.336826,39.124855
31.372576,39.124860
31.408327,39.124864
31.444077,39.124869
31.479827,39.124874
31.515578,39.124878
31.551328,39.124883
31.587079,39.124888
31.622829,39.124892
31.652010,39.124896
31.681191,39.124900
31.710371,39.124904
31.739552,39.124908
31.763001,39.124911
31.786450,39.124914
31.809900,39.124917
31.833349,39.124920
31.866029,39.124924
31.898709,39.124929
31.923939,39.124932
31.949168,39.124936
31.974398,39.124939
31.999627,39.124942
32.029426,39.124946
32.059225,39.124950
32.089024,39.124954
32.118823,39.124958
32.148622,39.124962
32.183687,39.124967
32.218753,39.124972
32.253818,39.124976
32.288883,39.124981
32.323948,39.124986
32.359014,39.124990
32.394079,39.124995
32.429144,39.125000
32.464210,39.125005
32.499275,39.125010
32.534340,39.125014
32.569406,39.125019
32.604471,39.125024
32.639536,39.125029
32.674601,39.125033
32.709667,39.125038
32.744732,39.125043
32.779797,39.125048
32.814863,39.125053
32.849928,39.125058
32.884993,39.125062
32.920059,39.125067
32.955124,39.125072
32.996009,39.125078
33.029313,39.125082
33.062618,39.125087
33.095922,39.125092
33.129227,39.125096
33.162531,39.125101
33.204606,39.125107
33.238318,39.125111
33.272029,39.125116
33.305741,39.125121
33.339453,39.125126
33.373165,39.125130
33.415702,39.125136
33.448788,39.125141
33.481874,39.125146
33.514960,39.125150
33.548047,39.125155
33.581133,39.125160
33.614219,39.125164
33.647305,39.125169
33.680391,39.125174
33.713478,39.125179
33.746564,39.125183
33.779650,39.125188
33.824882,39.125194
33.861134,39.125200
33.897385,39.125205
33.933637,39.125210
33.969889,39.125215
34.006141,39.125220
34.047212,39.125226
34.088284,39.125232
34.129356,39.125238
34.170427,39.125244
34.211499,39.125250
34.252571,39.125256
34.293642,39.125262
34.334714,39.125268
34.375786,39.125274
34.416857,39.125280
34.457929,39.125286
34.495498,39.125291
34.533067,39.125297
34.570636,39.125302
34.608205,39.125308
34.645774,39.125313
34.683343,39.125319
34.720912,39.125324
34.758481,39.125330
34.796050,39.125336
34.833619,39.125341
34.871188,39.125347
34.908757,39.125352
34.946326,39.125358
34.983895,39.125363
35.021464,39.125369
35.059033,39.125374
35.102987,39.125381
35.138312,39.125386
35.173637,39.125392
35.208963,39.125397
35.244288,39.125402
35.284317,39.125408
35.324346,39.125414
35.364375,39.125420
35.404403,39.125426
35.444432,39.125432
35.484461,39.125438
35.524490,39.125444
35.564518,39.125450
35.604547,39.125456
35.644576,39.125462
35.684605,39.125468
35.724633,39.125474
35.764662,39.125480
35.804691,39.125486
35.844720,39.125492
35.878038,39.125498
35.911356,39.125503
35.944673,39.125508
35.977991,39.125513
36.011309,39.125518
36.049612,39.125524
36.087915,39.125529
36.126217,39.125535
36.164520,39.125541
36.202822,39.125547
36.248434,39.125554
36.285259,39.125560
36.322083,39.125565
36.358908,39.125571
36.395733,39.125577
36.432558,39.125582
36.469382,39.125588
36.506207,39.125593
36.543032,39.125599
36.579857,39.125605
36.616681,39.125610
36.653506,39.125616
36.690331,39.125622
36.727156,39.125628
36.763980,39.125633
36.800805,39.125639
36.837630,39.125645
36.874455,39.125650
36.911279,39.125656
36.948104,39.125662
36.984929,39.125667
37.027520,39.125674
37.070111,39.125681
37.112702,39.125687
37.155293,39.125694
37.197884,39.125700
37.240476,39.125707
37.283067,39.125714
37.325658,39.125720
37.365373,39.125727
37.397693,39.125732
37.430013,39.125737
37.462332,39.125742
37.494652,39.125747
37.541531,39.125754
37.576851,39.125760
37.612170,39.125765
37.647489,39.125771
37.682808,39.125776
37.721861,39.125782
37.760914,39.125788
37.768724,39.125790
37.776535,39.125791
37.784346,39.125792
37.792156,39.125793
37.807777,39.125796
37.823398,39.125798
37.839020,39.125801
37.854641,39.125803
37.885027,39.125808
37.915413,39.125812
37.940589,39.125816
37.965764,39.125820
37.990940,39.125824
38.016115,39.125828
38.044675,39.125833
38.073235,39.125837
38.101795,39.125842
38.130355,39.125846
38.158914,39.125851
38.196400,39.125857
38.233885,39.125862
38.271370,39.125868
38.308856,39.125874
38.346341,39.125880
38.383826,39.125886
38.421312,39.125892
38.458797,39.125898
38.496282,39.125904
38.533768,39.125910
38.571253,39.125916
38.608738,39.125921
38.646224,39.125927
38.683709,39.125933
38.721194,39.125939
38.758680,39.125945
38.796165,39.125951
38.833650,39.125957
38.871136,39.125963
38.908621,39.125969
38.946106,39.125975
38.983591,39.125981
39.021077,39.125987
39.058562,39.125992
39.096047,39.125998
39.133533,39.126004
39.171018,39.126010
39.208503,39.126016
39.245989,39.126022
39.283474,39.126028
39.320959,39.126034
39.358445,39.126040
39.395930,39.126046
39.433415,39.126052
39.470901,39.126058
39.513051,39.126065
39.555202,39.126071
39.590206,39.126077
39.625209,39.126082
39.660212,39.126088
39.695216,39.126094
39.730219,39.126099
39.771476,39.126106
39.812733,39.126112
39.853990,39.126119
39.895247,39.126125
39.936504,39.126132
39.984952,39.126140
40.021768,39.126146
40.058585,39.126151
40.095401,39.126157
40.132217,39.126163
40.169033,39.126169
40.205849,39.126175
40.242666,39.126181
40.279482,39.126187
40.316298,39.126193
40.353114,39.126199
40.389930,39.126204
40.430892,39.126211
40.471854,39.126218
40.512816,39.126224
40.553777,39.126231
40.594739,39.126237
40.635701,39.126244
40.676662,39.126250
40.717624,39.126257
40.758586,39.126264
40.799548,39.126270
40.840509,39.126277
40.881471,39.126283
40.922433,39.126290
40.963395,39.126297
41.004356,39.126303
41.045318,39.126310
41.086280,39.126316
41.127241,39.126323
41.168203,39.126330
41.209165,39.126336
41.250127,39.126343
41.291088,39.126350
41.332050,39.126356
41.373012,39.126363
41.413973,39.126370
41.454935,39.126376
41.495897,39.126383
41.536859,39.126389
41.577820,39.126396
41.618782,39.126403
41.659744,39.126409
41.691371,39.126415
41.722998,39.126420
41.754626,39.126425
41.803268,39.126433
41.851910,39.126441
41.887311,39.126447
41.922712,39.126452
41.958113,39.126458
41.993514,39.126464
42.034383,39.126471
42.075252,39.126477
42.116121,39.126484
42.156990,39.126491
42.197859,39.126498
42.250240,39.126506
42.293037,39.126513
42.335833,39.126520
42.378629,39.126527
42.421425,39.126534
42.464221,39.126542
42.512939,39.126550
42.561657,39.126558
42.610375,39.126566
42.659094,39.126574
42.707812,39.126582
42.763641,39.126591
42.808255,39.126599
42.852870,39.126606
42.897485,39.126614
42.942100,39.126621
42.986715,39.126629
43.025974,39.126635
43.065232,39.126642
43.104491,39.126648
43.143750,39.126655
43.202612,39.126665
43.251270,39.126673
43.299929,39.126681
43.348587,39.126689
43.397246,39.126698
43.445904,39.126706
43.494563,39.126714
43.543221,39.126722
43.591879,39.126731
43.640538,39.126739
43.689196,39.126747
43.737855,39.126756
43.785045,39.126764
43.832235,39.126772
43.879425,39.126780
43.926615,39.126788
43.973805,39.126796
44.020995,39.126804
44.068185,39.126812
44.115375,39.126820
44.162565,39.126829
44.209755,39.126837
44.256945,39.126845
44.304135,39.126853
44.351325,39.126861
44.390475,39.126868
44.421129,39.126873
44.451783,39.126879
44.482437,39.126884
44.531942,39.126893
44.581448,39.126901
44.620242,39.126908
44.659035,39.126915
44.697829,39.126922
44.736623,39.126929
44.782075,39.126937
44.827528,39.126945
44.872981,39.126953
44.918433,39.126961
44.963886,39.126969
45.009339,39.126977
45.054791,39.126985
45.119852,39.126996
45.163342,39.127004
45.206831,39.127012
45.250321,39.127020
45.293811,39.127028
45.341851,39.127036
45.389891,39.127045
45.437930,39.127053
45.485970,39.127062
45.542364,39.127072
45.598758,39.127082
45.642318,39.127090
45.685877,39.127098
45.729437,39.127106
45.772997,39.127114
45.816556,39.127122
45.867290,39.127131
45.918023,39.127140
45.968757,39.127150
46.019490,39.127159
46.070223,39.127168
46.136553,39.127181
46.187222,39.127190
46.237890,39.127199
46.288559,39.127209
46.339228,39.127218
46.389897,39.127228
46.440566,39.127237
46.491235,39.127246
46.541903,39.127256
46.592572,39.127265
46.643241,39.127275
46.693910,39.127284
46.749923,39.127295
46.805936,39.127306
46.861950,39.127316
46.917963,39.127327
46.973976,39.127337
47.029989,39.127348
47.086003,39.127359
47.142016,39.127369
47.198029,39.127380
47.262281,39.127393
47.326534,39.127405
47.390786,39.127417
47.455039,39.127430
47.519291,39.127442
47.583544,39.127455
47.647796,39.127467
47.712049,39.127480
47.776301,39.127493
47.840554,39.127505
47.904806,39.127518
47.969059,39.127531
48.033311,39.127543
48.097564,39.127556
48.161816,39.127569
48.233937,39.127584
48.306058,39.127598
48.378178,39.127613
48.450299,39.127627
48.522419,39.127642
48.594540,39.127656
48.681412,39.127674
48.751624,39.127689
48.821835,39.127703
48.892047,39.127718
48.962258,39.127732
49.032470,39.127747
49.102681,39.127761
49.172893,39.127776
49.243104,39.127791
49.313316,39.127806
49.370785,39.127818
49.428254,39.127830
49.485723,39.127842
49.543192,39.127854
49.600661,39.127867
49.658130,39.127879
49.715599,39.127891
49.773068,39.127904
49.843114,39.127919
49.898582,39.127931
49.954049,39.127943
50.009517,39.127955
50.064985,39.127967
50.120452,39.127980
50.199151,39.127997
50.256720,39.128010
50.314290,39.128022
50.371859,39.128035
50.429429,39.128048
50.486998,39.128061
50.560215,39.128077
50.617983,39.128090
50.675752,39.128103
50.733520,39.128116
50.791289,39.128129
50.849057,39.128143
50.920389,39.128159
50.979751,39.128172
51.039114,39.128186
51.098476,39.128200
51.157838,39.128213
51.217200,39.128227
51.291083,39.128244
51.364965,39.128261
51.425999,39.128276
51.487032,39.128290
51.548066,39.128304
51.609099,39.128319
51.670132,39.128333
51.737587,39.128349
51.805042,39.128365
51.872496,39.128382
51.939951,39.128398
52.007405,39.128414
52.074860,39.128430
52.142315,39.128447
52.209769,39.128463
52.277224,39.128479
52.344678,39.128496
52.412133,39.128513
52.479587,39.128529
52.547042,39.128546
52.614497,39.128563
52.681951,39.128579
52.749406,39.128596
52.816860,39.128613
52.892615,39.128632
52.968371,39.128651
53.044126,39.128670
53.119881,39.128690
53.195636,39.128709
53.271391,39.128728
53.347146,39.128748
53.422902,39.128767
53.498657,39.128787
53.574412,39.128807
53.650167,39.128826
53.725922,39.128846
53.801677,39.128866
53.877432,39.128886
53.953188,39.128906
54.028943,39.128926
54.104698,39.128946
54.180453,39.128967
54.256208,39.128987
54.331963,39.129007
54.407718,39.129028
54.483474,39.129048
54.559229,39.129069
54.634984,39.129090
54.710739,39.129111
54.786494,39.129131
54.862249,39.129152
54.938005,39.129173
54.999777,39.129190
55.050299,39.129205
55.100822,39.129219
55.151344,39.129233
55.201866,39.129247
55.271470,39.129267
55.341075,39.129286
55.410679,39.129306
55.480284,39.129326
55.541427,39.129343
55.542306,39.129344
55.543185,39.129344
55.543395,39.129344
55.543605,39.129344
55.543633,39.129344
55.543671,39.129344
55.543709,39.129344
55.544090,39.129344
55.544470,39.129344
55.544850,39.129344
55.548653,39.129345
55.552455,39.129346
55.556258,39.129348
55.569853,39.129351
55.583447,39.129355
55.597042,39.129359
55.611745,39.129363
55.626448,39.129368
55.641151,39.129372
55.669562,39.129380
55.697974,39.129388
55.726385,39.129396
55.786173,39.129413
55.845962,39.129430
55.905750,39.129447
56.029118,39.129482
56.096261,39.129502
56.163404,39.129521
56.230547,39.129540
56.297690,39.129559
56.392811,39.129586
56.487933,39.129613
56.583055,39.129640
56.678176,39.129667
56.695404,39.129672
56.712632,39.129677
56.729860,39.129682
56.747555,39.129687
56.765249,39.129692
56.782944,39.129697
56.808215,39.129704
56.833487,39.129711
56.858758,39.129718
56.921177,39.129736
56.983597,39.129754
57.046016,39.129771
57.184604,39.129811
57.234741,39.129825
57.284877,39.129839
57.335013,39.129853
57.370291,39.129863
57.405568,39.129873
57.440846,39.129883
57.487994,39.129897
57.535143,39.129910
57.582292,39.129923
57.646604,39.129941
57.710915,39.129960
57.775227,39.129978
57.879863,39.130007
57.984499,39.130037
58.089135,39.130066
58.193771,39.130096
58.288535,39.130123
58.383299,39.130149
58.478064,39.130176
58.572828,39.130203
58.633069,39.130220
58.693310,39.130237
58.753551,39.130254
58.820274,39.130272
58.886998,39.130291
58.953722,39.130310
59.006962,39.130325
59.060202,39.130340
59.113441,39.130355
59.229368,39.130388
59.345294,39.130420
59.461221,39.130453
59.577147,39.130485
59.693073,39.130518
59.809000,39.130550
59.924926,39.130583
60.012181,39.130607
60.099436,39.130632
60.186691,39.130656
60.273946,39.130681
60.323679,39.130694
60.373413,39.130708
60.423146,39.130722
60.521777,39.130750
60.620407,39.130778
60.719037,39.130805
60.817667,39.130833
60.876644,39.130849
60.935621,39.130866
60.994598,39.130882
61.086829,39.130908
61.179061,39.130934
61.271292,39.130959
61.331238,39.130976
61.391185,39.130993
61.451131,39.131010
61.584833,39.131047
61.718534,39.131084
61.852236,39.131122
61.985938,39.131159
62.034125,39.131172
62.082311,39.131186
62.130498,39.131199
62.216308,39.131223
62.302118,39.131247
62.387928,39.131271
62.464597,39.131292
62.541266,39.131313
62.617934,39.131335
62.710608,39.131361
62.803282,39.131386
62.895956,39.131412
63.063375,39.131459
63.230793,39.131505
63.398212,39.131552
63.565630,39.131598
63.705936,39.131637
63.846242,39.131676
63.986548,39.131715
64.126854,39.131754
64.149937,39.131760
64.173020,39.131767
64.196102,39.131773
64.290947,39.131799
64.385792,39.131826
64.480637,39.131852
64.573123,39.131877
64.665608,39.131903
64.758094,39.131929
64.817130,39.131945
64.876167,39.131961
64.935203,39.131978
65.091728,39.132021
65.248252,39.132064
65.404777,39.132108
65.561301,39.132151
65.619847,39.132167
65.678393,39.132183
65.736939,39.132199
65.797805,39.132216
65.858671,39.132233
65.919538,39.132250
66.014454,39.132276
66.109370,39.132302
66.204286,39.132328
66.383967,39.132378
66.563649,39.132428
66.743330,39.132477
66.923011,39.132527
66.993056,39.132546
67.063100,39.132565
67.133144,39.132585
67.314033,39.132634
67.494922,39.132684
67.675810,39.132734
67.856699,39.132784
68.041099,39.132835
68.225499,39.132885
68.409899,39.132936
68.594299,39.132987
68.717894,39.133021
68.841488,39.133055
68.965082,39.133089
69.088676,39.133122
69.277133,39.133174
69.465590,39.133226
69.654048,39.133278
69.842505,39.133329
69.983396,39.133368
70.124287,39.133407
70.265178,39.133445
70.406069,39.133484
70.581567,39.133532
70.757066,39.133580
70.932564,39.133628
71.108062,39.133676
71.145955,39.133686
71.183847,39.133697
71.221739,39.133707
71.362187,39.133746
71.502634,39.133784
71.643082,39.133822
71.783529,39.133861
71.960113,39.133909
72.136696,39.133957
72.313280,39.134006
72.457477,39.134045
72.601675,39.134084
72.745873,39.134124
72.979380,39.134187
73.212887,39.134251
73.446394,39.134315
73.679902,39.134378
73.939645,39.134449
74.199389,39.134520
74.459132,39.134591
74.718875,39.134661
74.978619,39.134732
75.037681,39.134748
75.096743,39.134764
75.155805,39.134780
75.214868,39.134796
75.434627,39.134856
75.654387,39.134916
75.874147,39.134976
76.093907,39.135035
76.424861,39.135125
76.755816,39.135215
77.086770,39.135305
77.417724,39.135395
77.748678,39.135484
77.955666,39.135540
78.162653,39.135596
78.369640,39.135653
78.576628,39.135709
78.820604,39.135775
79.064580,39.135841
79.377188,39.135925
79.613996,39.135989
79.850803,39.136053
80.087611,39.136117
80.283967,39.136170
80.480323,39.136223
80.676679,39.136276
80.873035,39.136329
81.069391,39.136382
81.265748,39.136435
81.462104,39.136488
81.716560,39.136557
81.971016,39.136625
82.225472,39.136694
82.479929,39.136762
82.734385,39.136831
82.945450,39.136888
83.156515,39.136944
83.367580,39.137001
83.578645,39.137058
83.848671,39.137131
84.118698,39.137203
84.388724,39.137276
84.658751,39.137348
84.928777,39.137421
85.260478,39.137510
85.524127,39.137580
85.787776,39.137651
86.051425,39.137722
86.315074,39.137792
86.578723,39.137863
86.958364,39.137965
87.338006,39.138066
87.717647,39.138168
88.097288,39.138269
88.476929,39.138371
88.856571,39.138472
89.236212,39.138573
89.615853,39.138675
89.995494,39.138776
90.375135,39.138877
90.754777,39.138978
91.134418,39.139079
91.514059,39.139180
91.893700,39.139281
92.421254,39.139421
92.821387,39.139528
93.221520,39.139634
93.621653,39.139740
94.021786,39.139846
94.421919,39.139952
94.822053,39.140058
95.493318,39.140236
96.164583,39.140414
96.694569,39.140554
97.224555,39.140694
97.754540,39.140834
98.284526,39.140974
98.814512,39.141113
99.344498,39.141253
99.428706,39.141275
99.512914,39.141297
99.597123,39.141319
99.681331,39.141341
99.765540,39.141364
99.933957,39.141408
100.102374,39.141452
100.270791,39.141497
100.439208,39.141541
100.819553,39.141641
101.199898,39.141741
101.580243,39.141841
101.960588,39.141940
102.493069,39.142080
103.025549,39.142220
103.558030,39.142359
104.090510,39.142499
104.622990,39.142638
105.236695,39.142798
105.850399,39.142958
106.464104,39.143119
107.077808,39.143279
107.691513,39.143439
108.305217,39.143598
108.918922,39.143758
109.532626,39.143917
110.296246,39.144116
110.415245,39.144147
110.534244,39.144177
110.653242,39.144208
110.772241,39.144239
111.010238,39.144301
111.248236,39.144363
111.486233,39.144424
111.724230,39.144486
112.385004,39.144657
113.045777,39.144828
113.706551,39.144999
114.367325,39.145169
115.277461,39.145404
116.187597,39.145639
116.945399,39.145834
117.703201,39.146029
118.461004,39.146223
119.218806,39.146418
119.976609,39.146612
121.011533,39.146877
122.046457,39.147142
122.908646,39.147362
123.770836,39.147582
124.633026,39.147801
125.495216,39.148021
126.713279,39.148330
127.931343,39.148639
129.149407,39.148948
130.367470,39.149256
131.585534,39.149563
132.803598,39.149870
134.021661,39.150177
135.239725,39.150483
136.457788,39.150788
137.675852,39.151093
138.893916,39.151397
140.041961,39.151684
141.190007,39.151970
142.338053,39.152256
143.486098,39.152541
144.859524,39.152881
146.232949,39.153221
147.606375,39.153560
148.979800,39.153899
150.838789,39.154356
152.697777,39.154812
154.556765,39.155267
156.415753,39.155721
158.274742,39.156173
160.133730,39.156624
161.992718,39.157075
163.851706,39.157524
166.053208,39.158054
166.386542,39.158134
166.390476,39.158135
166.479333,39.158156
166.568189,39.158177
167.390476,39.158375
167.492020,39.158399
167.593564,39.158424
174.730807,39.160127
181.868050,39.161812
189.005293,39.163479
190.473907,39.163820
191.942521,39.164160
193.411135,39.164500
196.348363,39.165176
199.285592,39.165849
202.222820,39.166520
205.160048,39.167187
205.827133,39.167338
206.494219,39.167488
207.161304,39.167639
208.495475,39.167940
209.829646,39.168240
211.163817,39.168540
215.264013,39.169455
215.739459,39.169560
216.214905,39.169666
216.690352,39.169771
217.641244,39.169982
218.592137,39.170192
219.543030,39.170401
222.356407,39.171019
222.721591,39.171098
223.086775,39.171178
223.451959,39.171258
224.182327,39.171417
224.912695,39.171575
225.643063,39.171733
226.012899,39.171813
226.382736,39.171893
226.752572,39.171973
227.122408,39.172053
227.862080,39.172212
228.601753,39.172371
229.341425,39.172529
230.081098,39.172688
233.664999,39.173448
233.950895,39.173508
234.236791,39.173568
234.522688,39.173628
235.053457,39.173740
235.584226,39.173851
236.114995,39.173962
238.638165,39.174486
241.161334,39.175003
241.380385,39.175048
241.599437,39.175092
241.818488,39.175137
242.256590,39.175225
242.694693,39.175314
243.132795,39.175402
243.570898,39.175490
245.616502,39.175898
247.662106,39.176300
247.836115,39.176334
248.010125,39.176368
248.184134,39.176402
248.532152,39.176470
248.880171,39.176537
249.228190,39.176604
249.576208,39.176672
251.100062,39.176964
251.842806,39.177105
252.148926,39.177163
252.357241,39.177202
252.565557,39.177242
252.773872,39.177281
253.190503,39.177359
253.607133,39.177437
254.023764,39.177515
254.440395,39.177592
256.088469,39.177894
257.736543,39.178189
259.384617,39.178477
259.635392,39.178520
259.787514,39.178546
259.939635,39.178572
260.091756,39.178598
260.395998,39.178649
260.700241,39.178700
261.004483,39.178751
261.308726,39.178802
262.465388,39.178991
263.622051,39.179175
264.059636,39.179243
264.132978,39.179255
264.206320,39.179266
264.279662,39.179277
264.426347,39.179300
264.573031,39.179323
264.719715,39.179345
265.613494,39.179480
266.507273,39.179612
267.401051,39.179740
268.294830,39.179865
269.188609,39.179985
269.906184,39.180078
269.970366,39.180086
270.034548,39.180094
270.098731,39.180103
270.203886,39.180116
270.309042,39.180129
270.414197,39.180142
271.066908,39.180223
271.719620,39.180301
272.372331,39.180377
273.025042,39.180450
274.160697,39.180572
274.278577,39.180585
274.396457,39.180597
274.514337,39.180609
274.632217,39.180621
274.867976,39.180645
275.103736,39.180668
275.339496,39.180692
275.887749,39.180745
276.436003,39.180796
276.984257,39.180846
277.532510,39.180895
278.520091,39.180978
279.507673,39.181058
279.628545,39.181067
279.749417,39.181077
279.870289,39.181086
279.991161,39.181095
280.112033,39.181104
280.232905,39.181113
280.474649,39.181131
280.716393,39.181149
280.958137,39.181167
281.199881,39.181184
282.152496,39.181251
283.105111,39.181314
284.057726,39.181374
285.010340,39.181431
285.962955,39.181485
287.289161,39.181556
287.477376,39.181566
287.665592,39.181576
287.853807,39.181585
288.042022,39.181595
288.418453,39.181613
288.794884,39.181632
289.171315,39.181650
289.889274,39.181684
290.607233,39.181717
291.325192,39.181749
292.043151,39.181780
293.129858,39.181826
294.216565,39.181870
294.416065,39.181878
294.615565,39.181886
294.815064,39.181894
295.014564,39.181902
295.277471,39.181912
295.540378,39.181922
295.803284,39.181932
296.066191,39.181942
297.065838,39.181980
298.065485,39.182017
299.065132,39.182052
300.064779,39.182086
301.349787,39.182127
302.634796,39.182166
303.919805,39.182203
305.204814,39.182237
306.489823,39.182268
308.328313,39.182309
308.674152,39.182316
309.019992,39.182323
309.365831,39.182329
309.711671,39.182336
310.403350,39.182348
311.095029,39.182360
311.786708,39.182371
312.478387,39.182381
314.159224,39.182403
315.840061,39.182422
317.520898,39.182438
319.201736,39.182450
320.882573,39.182460
322.563410,39.182467
322.788421,39.182467
323.013432,39.182468
323.238444,39.182469
323.463455,39.182469
323.913478,39.182471
324.363500,39.182471
324.813523,39.182472
325.263545,39.182473
327.345482,39.182474
329.427419,39.182472
331.509356,39.182467
331.925744,39.182466
332.342131,39.182464
332.758519,39.182463
333.591294,39.182460
334.424068,39.182456
335.256843,39.182453
336.620536,39.182446
337.984230,39.182439
339.347923,39.182431
340.711616,39.182423
342.728702,39.182411
344.745789,39.182398
346.762875,39.182386
348.779962,39.182373
351.459314,39.182357
352.129152,39.182353
352.798990,39.182349
353.468828,39.182345
354.138666,39.182342
355.478343,39.182336
356.818019,39.182331
358.157695,39.182328
359.497371,39.182327
361.647873,39.182329
363.798374,39.182338
365.948875,39.182353
368.099376,39.182376
370.249878,39.182406
372.739458,39.182450
375.229038,39.182505
375.612091,39.182515
375.995144,39.182524
376.378196,39.182534
377.144302,39.182555
377.910407,39.182576
378.676512,39.182599
379.442617,39.182622
381.015079,39.182674
382.587541,39.182729
384.160002,39.182788
385.732464,39.182851
387.891554,39.182944
390.050644,39.183043
392.209735,39.183149
394.368825,39.183261
396.601271,39.183384
398.833718,39.183513
401.066165,39.183649
403.298611,39.183791
405.531058,39.183939
407.763504,39.184094
409.995951,39.184254
410.788698,39.184313
411.581444,39.184372
412.374191,39.184432
413.166938,39.184492
413.959685,39.184554
414.752432,39.184616
415.545179,39.184679
416.915678,39.184790
418.286178,39.184903
419.656677,39.185020
421.027176,39.185139
423.105344,39.185325
425.183511,39.185518
427.261678,39.185718
429.339845,39.185925
431.421925,39.186139
433.504005,39.186360
435.586085,39.186587
439.605587,39.187046
440.610463,39.187165
441.615338,39.187285
442.620214,39.187406
443.625089,39.187530
444.733252,39.187667
445.841415,39.187806
446.949578,39.187945
448.057741,39.188086
449.165903,39.188228
451.597610,39.188540
454.029316,39.188855
456.461022,39.189172
458.892728,39.189489
461.324434,39.189807
464.803079,39.190262
468.281724,39.190718
469.151385,39.190832
470.021046,39.190945
470.890707,39.191059
471.760369,39.191172
473.499691,39.191397
475.239013,39.191618
476.978336,39.191835
478.717658,39.192049
481.491321,39.192378
484.264983,39.192694
487.038645,39.192996
489.812308,39.193283
492.585970,39.193555
492.952196,39.193590
493.318421,39.193624
493.684647,39.193658
494.417098,39.193726
495.149549,39.193793
495.882001,39.193859
497.308577,39.193984
498.735154,39.194105
500.161731,39.194223
501.588307,39.194337
504.360987,39.194550
507.133666,39.194751
509.906346,39.194940
512.679025,39.195116
516.180708,39.195323
517.056128,39.195372
517.931549,39.195420
518.806969,39.195467
519.682390,39.195512
521.433231,39.195601
523.184072,39.195687
524.934913,39.195770
526.685754,39.195851
529.804357,39.195989
532.922961,39.196120
536.041565,39.196246
539.160169,39.196365
539.526303,39.196379
539.892437,39.196392
540.258571,39.196406
540.990839,39.196432
541.723108,39.196458
542.455376,39.196484
544.471426,39.196551
546.487476,39.196612
548.503525,39.196668
550.519575,39.196718
553.653577,39.196783
556.787579,39.196831
559.921581,39.196863
560.385982,39.196866
560.850382,39.196869
561.314783,39.196872
562.243584,39.196876
563.172385,39.196879
564.101186,39.196881
566.647761,39.196880
569.194336,39.196870
571.740911,39.196852
574.287485,39.196825
577.628715,39.196779
578.450016,39.196766
579.271317,39.196752
580.092617,39.196737
581.016920,39.196720
581.941222,39.196701
582.865525,39.196682
585.274261,39.196627
587.682998,39.196568
590.091735,39.196503
592.500472,39.196434
595.811044,39.196331
599.121616,39.196220
600.000000,39.196190
