altitude,speed,direction,stddev
128.0,2.3345237,136.73567,
208.0,6.1846585,140.90614,
240.0,8.266196,145.34862,
248.0,8.431488,146.12143,
308.0,10.375452,153.68198,
453.0,11.1825905,172.54579,
674.0,7.861238,176.86371,
900.2804565429688,8.040675,178.82881,
1131.692138671875,8.229154,180.70601,
1611.0,8.630832,184.20528,
2114.8701171875,8.350083,184.47711,
3207.0,7.7892113,185.07951,
4438.0,12.098937,185.38922,
5844.0,9.672413,178.02512,
7488.888671875,5.206833,219.80553,
9498.38671875,6.009252,356.82022,
