ts,filteredAltitudeAGL,filteredAcceleration
-0.75,-0.21728515625,0.047806739807128906
-0.74,-0.21728515625,0.047806739807128906
-0.73,-0.215911865234375,0.047806739807128906
-0.72,-0.215911865234375,0.047806739807128906
-0.71,-0.215911865234375,0.047806739807128906
-0.7,-0.133056640625,0.047806739807128906
-0.69,0.37518310546875,0.047806739807128906
-0.68,-0.133056640625,0.047806739807128906
-0.67,0.0388031005859375,0.047806739807128906
-0.66,0.0388031005859375,0.047806739807128906
-0.65,0.0388031005859375,0.047806739807128906
-0.64,0.0388031005859375,0.047806739807128906
-0.63,0.0388031005859375,0.047806739807128906
-0.62,0.628173828125,0.047806739807128906
-0.61,0.628173828125,0.047806739807128906
-0.6,0.628173828125,0.047806739807128906
-0.59,0.7108001708984375,0.047806739807128906
-0.58,0.800811767578125,0.047806739807128906
-0.57,1.1311492919921875,0.047806739807128906
-0.56,0.7108001708984375,0.03824615478515625
-0.55,0.7108001708984375,0.03824615478515625
-0.54,0.7108001708984375,0.03824615478515625
-0.53,0.6147003173828125,0.03824615478515625
-0.52,0.6147003173828125,0.03824615478515625
-0.51,0.5324554443359375,0.03824615478515625
-0.5,0.5313873291015625,0.03824615478515625
-0.49,0.1894989013671875,0.03824615478515625
-0.48,0.189239501953125,0.03824615478515625
-0.47,0.1053314208984375,0.03824615478515625
-0.46,0.1053314208984375,0.03824615478515625
-0.45,0.0209808349609375,0.03824615478515625
-0.44,0.1053314208984375,0.047806739807128906
-0.43,0.0209808349609375,0.057369232177734375
-0.42,0.0209808349609375,0.057369232177734375
-0.41,0.189239501953125,0.057369232177734375
-0.4,0.274688720703125,0.057369232177734375
-0.39,0.440216064453125,0.057369232177734375
-0.38,0.440216064453125,0.057369232177734375
-0.37,0.6142578125,0.047806739807128906
-0.36,0.6142578125,0.047806739807128906
-0.35,0.440216064453125,0.047806739807128906
-0.34,0.440216064453125,0.047806739807128906
-0.33,0.440216064453125,0.03824615478515625
-0.32,0.0982208251953125,0.02868366241455078
-0.31,-0.073394775390625,0.02868366241455078
-0.3,-0.7505035400390625,0.02868366241455078
-0.29,-0.237884521484375,0.03824615478515625
-0.28,-0.237884521484375,0.03824615478515625
-0.27,-0.073394775390625,0.03824615478515625
-0.26,-0.073394775390625,0.03824615478515625
-0.25,-0.237884521484375,0.03824615478515625
-0.24,-0.237884521484375,0.047806739807128906
-0.23,0.012847900390625,0.047806739807128906
-0.22,0.6058807373046875,0.057369232177734375
-0.21,0.6058807373046875,0.057369232177734375
-0.2,0.6058807373046875,0.057369232177734375
-0.19,0.5164337158203125,0.057369232177734375
-0.18,0.5164337158203125,0.057369232177734375
-0.17,0.428375244140625,0.057369232177734375
-0.16,0.5164337158203125,0.057369232177734375
-0.15,0.5164337158203125,0.07649040222167969
-0.14,0.428375244140625,0.1242990493774414
-0.13,0.17315673828125,0.4780702590942383
-0.12,0.17315673828125,4.646842002868652
-0.11,0.17315673828125,8.901665687561035
-0.1,0.17315673828125,9.695263862609863
-0.09,0.17315673828125,12.888772010803223
-0.08,0.26409912109375,17.631229400634766
-0.07,-0.24432373046875,21.752193450927734
-0.06,0.26409912109375,23.607105255126953
-0.05,0.5209197998046875,25.433330535888672
-0.04,0.7693939208984375,27.804561614990234
-0.03,0.9373779296875,29.592544555664062
-0.02,0.9373779296875,31.724735260009766
-0.01,0.9392547607421875,32.566139221191406
0,0.9392547607421875,33.49359893798828
0.01,0.9392547607421875,33.71350860595703
0.02,0.9392547607421875,34.268070220947266
0.03,0.9392547607421875,34.72701644897461
0.04,0.9373779296875,34.765262603759766
0.05,0.84014892578125,34.765262603759766
0.06,0.84014892578125,35.157283782958984
0.07,1.1783447265625,35.60667037963867
0.08,1.1783447265625,36.25684356689453
0.09,1.1783447265625,36.92613983154297
0.1,1.434661865234375,37.872718811035156
0.11,1.688323974609375,38.76192855834961
0.12,1.688323974609375,39.192195892333984
0.13,1.7728729248046875,39.45991516113281
0.14,1.7728729248046875,40.08140563964844
0.15,2.0291748046875,40.836753845214844
0.16,2.6237030029296875,40.836753845214844
0.17,2.6237030029296875,40.836753845214844
0.18,2.6237030029296875,40.836753845214844
0.19,1.860076904296875,40.836753845214844
0.2,2.6237030029296875,40.071842193603516
0.21,2.6237030029296875,40.071842193603516
0.22,2.6237030029296875,40.071842193603516
0.23,3.0517425537109375,40.071842193603516
0.24,2.6237030029296875,40.071842193603516
0.25,2.6237030029296875,40.47342300415039
0.26,3.0517425537109375,40.65509033203125
0.27,3.474517822265625,40.932369232177734
0.28,3.902587890625,41.28614044189453
0.29,3.9871368408203125,41.28614044189453
0.3,3.9871368408203125,41.28614044189453
0.31,3.9871368408203125,41.28614044189453
0.36,4.75341796875,41.00886154174805
0.37,4.75341796875,40.72201919555664
0.38,4.75341796875,40.72201919555664
0.39,5.51702880859375,41.07578659057617
0.4,5.773345947265625,41.07578659057617
0.41,6.11419677734375,41.07578659057617
0.42,6.11419677734375,41.07578659057617
0.43,6.11419677734375,40.9036865234375
0.44,6.53961181640625,40.72201919555664
0.45,6.9650421142578125,40.27263259887695
0.46,7.049591064453125,40.17702102661133
0.47,7.3904571533203125,39.89017868041992
0.48,7.3904571533203125,39.86149215698242
0.49,7.3904571533203125,39.641578674316406
0.5,8.24127197265625,39.641578674316406
0.51,8.24127197265625,39.86149215698242
0.52,8.24127197265625,39.86149215698242
0.53,8.24127197265625,39.86149215698242
0.54,8.24127197265625,39.63201904296875
0.55,8.751235961914062,39.45035171508789
0.56,9.007553100585938,39.45035171508789
0.57,9.09210205078125,39.05833435058594
0.58,9.348403930664062,38.98184585571289
0.59,9.432968139648438,38.83842086791992
0.6,9.432968139648438,38.54201889038086
0.61,9.604705810546875,38.5324592590332
0.62,9.604705810546875,38.28385925292969
0.63,9.604705810546875,38.22649002075195
0.64,10.199234008789062,38.11175537109375
0.65,10.199234008789062,38.054386138916016
0.66,10.199234008789062,37.652809143066406
0.67,11.306365966796875,37.652809143066406
0.68,11.306365966796875,37.50938415527344
0.69,11.390914916992188,37.28947448730469
0.7,11.562667846679688,37.13648986816406
0.71,11.903533935546875,37.031314849853516
0.72,12.157196044921875,36.9835090637207
0.73,12.413497924804688,36.57236862182617
0.74,13.095230102539062,36.27596664428711
0.75,13.605178833007812,36.218597412109375
0.76,13.7742919921875,36.1994743347168
0.77,13.861480712890625,36.07517623901367
0.78,13.861480712890625,35.58754348754883
0.79,13.861480712890625,35.39631652832031
0.8,14.030593872070312,34.612281799316406
0.81,14.202346801757812,34.4688606262207
0.82,14.456008911132812,33.99079132080078
0.83,14.543212890625,33.90473556518555
0.84,15.053176879882812,33.72307205200195
0.85,15.39404296875,32.929473876953125
0.86,15.650344848632812,32.747806549072266
0.87,16.160308837890625,32.068946838378906
0.88,16.67291259765625,31.753421783447266
0.89,16.92657470703125,31.734298706054688
0.9,17.013778686523438,31.514385223388672
0.91,17.692855834960938,31.35184097290039
0.92,17.692855834960938,31.21798324584961
0.93,17.94915771484375,31.17017364501953
0.94,18.033721923828125,31.112808227539062
0.95,18.546310424804688,30.7877197265625
0.96,18.887176513671875,30.634735107421875
0.97,19.228042602539062,30.62517547607422
0.98,19.653457641601562,30.56781005859375
0.99,19.653457641601562,30.56781005859375
1,20.166061401367188,30.510440826416016
1.01,20.335174560546875,30.56781005859375
1.02,20.676040649414062,30.62517547607422
1.03,21.614044189453125,30.38614273071289
1.04,21.954910278320312,30.37657928466797
1.05,21.954910278320312,30.233158111572266
1.06,22.8929443359375,30.233158111572266
1.07,22.8929443359375,29.640350341796875
1.08,23.1466064453125,29.363067626953125
1.09,23.574661254882812,29.238773345947266
1.1,23.574661254882812,29.037982940673828
1.11,24.256362915039062,29.037982940673828
1.12,25.109848022460938,28.95193099975586
1.13,25.363510131835938,28.894561767578125
1.14,25.704360961914062,28.894561767578125
1.15,26.047866821289062,28.894561767578125
1.16,26.132431030273438,28.85631561279297
1.17,26.38873291015625,28.837196350097656
1.18,27.0704345703125,28.837196350097656
1.19,28.093017578125,28.67464828491211
1.2,28.433883666992188,28.626842498779297
1.21,28.690185546875,28.473861694335938
1.22,28.946487426757812,28.38780975341797
1.23,29.456466674804688,28.35912322998047
1.24,29.628219604492188,28.320877075195312
1.25,30.397125244140625,28.320877075195312
1.26,30.481674194335938,28.263507843017578
1.27,30.481674194335938,28.263507843017578
1.28,30.73797607421875,28.263507843017578
1.29,30.73797607421875,28.225265502929688
1.3,30.73797607421875,28.196578979492188
1.31,31.591461181640625,28.053157806396484
1.32,32.016876220703125,28.034034729003906
1.33,32.016876220703125,27.90973663330078
1.34,32.44493103027344,27.881053924560547
1.35,33.72380065917969,27.881053924560547
1.36,33.72380065917969,27.86193084716797
1.37,34.32096862792969,27.86193084716797
1.38,34.5772705078125,27.86193084716797
1.39,35.68705749511719,27.86193084716797
1.4,35.856170654296875,27.68026351928711
1.41,36.36875915527344,27.68026351928711
1.42,36.45332336425781,27.68026351928711
1.43,36.96592712402344,27.613330841064453
1.44,37.306793212890625,27.603771209716797
1.45,38.58830261230469,27.469913482666016
1.46,40.55155944824219,27.402984619140625
1.47,40.72331237792969,27.326492309570312
1.48,40.97962951660156,27.020526885986328
1.49,41.49223327636719,26.867542266845703
1.5,41.91764831542969,26.867542266845703
1.51,43.88352966308594,26.867542266845703
1.52,44.39613342285156,26.81017303466797
1.53,45.07783508300781,26.800613403320312
1.54,45.76222229003906,26.81017303466797
1.55,47.12828063964844,26.867542266845703
1.56,48.92240905761719,26.867542266845703
1.57,49.94764709472656,26.62850570678711
1.58,52.34156799316406,26.561580657958984
1.59,52.51332092285156,26.561580657958984
1.6,53.45399475097656,26.59026336669922
1.61,55.33534240722656,26.59026336669922
1.62,56.01707458496094,26.561580657958984
1.63,56.61686706542969,26.475528717041016
1.64,57.72926330566406,26.37035369873047
1.65,58.41365051269531,26.274738311767578
1.66,58.84169006347656,26.265178680419922
1.67,59.95146179199219,26.2269287109375
1.68,60.55125427246094,26.2269287109375
1.69,61.32283020019531,26.2269287109375
1.7,61.32283020019531,26.179122924804688
1.71,62.34803771972656,26.15999984741211
1.72,62.60435485839844,26.121753692626953
1.73,62.86067199707031,26.035701751708984
1.74,63.20417785644531,26.121753692626953
1.75,64.06028747558594,26.035701751708984
1.76,65.00096130371094,25.79666519165039
1.77,65.34446716308594,25.748859405517578
1.78,65.51353454589844,25.720176696777344
1.79,65.77250671386719,25.605438232421875
1.8,66.11335754394531,25.595874786376953
1.81,66.11335754394531,25.57675552368164
1.82,66.45686340332031,25.57675552368164
1.83,66.62596130371094,25.538509368896484
1.84,66.79771423339844,25.519386291503906
1.85,67.05665588378906,25.433330535888672
1.86,67.39753723144531,25.41421127319336
1.87,67.56929016113281,25.385528564453125
1.88,68.59715270996094,25.29947280883789
1.89,68.68168640136719,25.165611267089844
1.9,68.68168640136719,25.165611267089844
1.91,68.68168640136719,25.165611267089844
1.92,68.68168640136719,25.127368927001953
1.93,68.68168640136719,25.06999969482422
1.94,68.76890563964844,25.06999969482422
1.95,68.76890563964844,25.09868621826172
1.96,69.88130187988281,25.09868621826172
1.97,69.88130187988281,25.09868621826172
1.98,70.39390563964844,25.09868621826172
1.99,71.16548156738281,24.964824676513672
2,71.16548156738281,24.64929962158203
2.01,71.93440246582031,24.48675537109375
2.02,72.10612487792969,24.32421112060547
2.03,72.19334411621094,23.96087646484375
2.04,72.53419494628906,23.96087646484375
2.05,72.53419494628906,23.941753387451172
2.06,72.70594787597656,23.80789566040039
2.07,73.82099914550781,23.77920913696289
2.08,73.90556335449219,23.721843719482422
2.09,74.24906921386719,23.721843719482422
2.1,75.02061462402344,23.654911041259766
2.11,75.18974304199219,23.64535140991211
2.12,75.36149597167969,23.568859100341797
2.13,75.53324890136719,23.501930236816406
2.14,75.96128845214844,23.492366790771484
2.15,76.04847717285156,23.492366790771484
2.16,77.76069641113281,23.492366790771484
2.17,77.84788513183594,23.492366790771484
2.18,77.93244934082031,23.482807159423828
2.19,78.01701354980469,23.501930236816406
2.2,78.10420227050781,23.473247528076172
2.21,79.21925354003906,23.435001373291016
2.22,79.64732360839844,23.406314849853516
2.23,79.81907653808594,23.39675521850586
2.24,79.90364074707031,23.387191772460938
2.25,80.41886901855469,23.30113983154297
2.26,81.87480163574219,23.109912872314453
2.27,82.47459411621094,23.062103271484375
2.28,82.98985290527344,23.05254364013672
2.29,83.84861755371094,23.05254364013672
2.3,84.18946838378906,23.023860931396484
2.31,84.79191589355469,23.023860931396484
2.32,84.87648010253906,23.014297485351562
2.33,85.39173889160156,22.966487884521484
2.34,86.07609558105469,22.545791625976562
2.35,86.33503723144531,22.421489715576172
2.36,87.19114685058594,22.230262756347656
2.37,87.36289978027344,21.962543487548828
2.38,89.33668518066406,21.742633819580078
2.39,89.42124938964844,21.713947296142578
2.4,90.02369689941406,21.436668395996094
2.41,91.31050109863281,20.891666412353516
2.42,92.08207702636719,20.843860626220703
2.43,92.59733581542969,20.432720184326172
2.44,93.28431701660156,19.753860473632812
2.45,93.36888122558594,19.18017578125
2.46,93.79695129394531,18.59693145751953
2.47,94.14042663574219,18.051929473876953
2.48,94.74290466308594,17.430438995361328
2.49,95.94514465332031,16.617721557617188
2.5,96.20146179199219,16.263946533203125
2.51,96.80387878417969,15.804999351501465
2.52,97.83177185058594,15.336491584777832
2.53,98.69050598144531,14.992280006408691
2.54,98.77769470214844,14.351666450500488
2.55,100.57978820800781,13.83535099029541
2.56,101.26679992675781,13.529385566711426
2.57,101.69749450683594,13.194737434387207
2.58,102.46903991699219,12.65929889678955
2.59,103.24324035644531,12.535000801086426
2.6,103.41499328613281,12.104737281799316
2.61,104.10200500488281,11.8274564743042
2.62,104.87620544433594,11.674473762512207
2.63,105.04792785644531,11.349387168884277
2.64,106.76545715332031,10.909562110900879
2.65,107.53965759277344,10.240263938903809
2.66,108.05491638183594,9.943860054016113
2.67,108.22663879394531,9.666579246520996
2.68,108.48561096191406,8.825177192687988
2.69,109.85957336425781,8.45228099822998
2.7,110.54924011230469,7.993332862854004
2.71,110.54924011230469,7.496142387390137
2.72,111.66429138183594,7.276228904724121
2.73,112.69746398925781,6.86508846282959
2.74,113.72795104980469,6.520876884460449
2.75,114.07408142089844,6.492194175720215
2.76,114.33039855957031,6.482630729675293
2.77,115.27635192871094,6.262721061706543
2.78,115.44810485839844,5.765525817871094
2.79,115.53529357910156,5.440438270568848
2.8,117.42720031738281,4.7998247146606445
2.81,117.94245910644531,4.417367935180664
2.82,118.71665954589844,4.063596725463867
2.83,119.14735412597656,3.489912986755371
2.84,119.49348449707031,2.9162282943725586
2.85,119.83699035644531,2.4285964965820312
2.86,120.95469665527344,1.8357887268066406
2.87,121.29820251464844,1.0326309204101562
2.88,123.10554504394531,0.31552600860595703
2.89,123.62345886230469,-0.5354385375976562
2.9,125.00007629394531,-1.2621049880981445
2.91,125.08729553222656,-1.6828069686889648
2.92,125.34358215332031,-2.199122905731201
2.93,126.03324890136719,-2.8492984771728516
2.94,126.72288513183594,-3.32736873626709
2.95,127.40989685058594,-3.948859691619873
2.96,127.84059143066406,-4.130526542663574
2.97,129.30442810058594,-4.130526542663574
2.98,129.6505584716797,-4.302631855010986
2.99,130.0812530517578,-4.86675500869751
3,131.3733673095703,-5.019737243652344
3.01,131.3733673095703,-5.316140651702881
3.02,132.23475646972656,-5.316140651702881
3.03,134.1293182373047,-5.32570219039917
3.04,134.7317352294922,-5.36394739151001
3.05,134.9035186767578,-5.383070468902588
3.06,135.07789611816406,-5.755965232849121
3.07,135.8520965576172,-5.908947467803955
3.08,136.4545440673828,-6.281842231750488
3.09,138.00559997558594,-6.5017547607421875
3.1,138.9541778564453,-6.5304388999938965
3.11,139.81822204589844,-6.606930255889893
3.12,140.0745086669922,-6.807719707489014
3.13,140.59242248535156,-7.085000038146973
3.14,141.62818908691406,-7.295351028442383
3.15,142.48963928222656,-7.32403564453125
3.16,143.1792449951172,-7.429210662841797
3.17,143.26646423339844,-7.763859748840332
3.18,144.64573669433594,-7.773421287536621
3.19,144.73292541503906,-7.802105903625488
3.2,144.81752014160156,-7.849912643432617
3.21,146.5429229736328,-7.878596782684326
3.22,147.2325897216797,-8.012456893920898
3.23,147.7530975341797,-8.060263633728027
3.24,147.83766174316406,-8.117631912231445
3.25,148.8734588623047,-8.347105979919434
3.26,149.21958923339844,-8.509649276733398
3.27,151.37574768066406,-8.70087718963623
3.28,151.8936309814453,-8.767807006835938
3.29,151.98081970214844,-8.863421440124512
3.3,151.98081970214844,-8.997281074523926
3.31,152.6704559326172,-9.274561882019043
3.32,154.3959197998047,-9.609210968017578
3.33,156.38294982910156,-9.695263862609863
3.34,156.55467224121094,-9.743070602416992
3.35,156.55467224121094,-9.8100004196167
3.36,157.6776580810547,-9.943860054016113
3.37,157.93663024902344,-9.943860054016113
3.38,158.19554138183594,-10.02035140991211
3.39,159.1468048095703,-10.05859661102295
3.4,160.0108184814453,-10.135087966918945
3.41,160.26979064941406,-10.135087966918945
3.42,160.44151306152344,-10.202017784118652
3.43,161.04661560058594,-10.202017784118652
3.44,161.9978485107422,-10.202017784118652
3.45,163.12083435058594,-10.144649505615234
3.46,163.29258728027344,-10.163772583007812
3.47,165.6257781982422,-10.240263938903809
3.48,166.1436309814453,-10.240263938903809
3.49,166.4897918701172,-10.240263938903809
3.5,166.66419982910156,-10.240263938903809
3.51,166.83595275878906,-10.25938606262207
3.52,167.9589385986328,-10.26894760131836
3.53,168.04612731933594,-10.345438957214355
3.54,168.13331604003906,-10.393245697021484
3.55,169.94859313964844,-10.44105339050293
3.56,170.2947235107422,-10.44105339050293
3.57,171.50489807128906,-10.44105339050293
3.58,171.6766815185547,-10.450614929199219
3.59,173.40736389160156,-10.450614929199219
3.6,174.0996856689453,-10.460175514221191
3.61,174.18421936035156,-10.488860130310059
3.62,174.2714385986328,-10.488860130310059
3.63,174.9636993408203,-10.488860130310059
3.64,175.1381072998047,-10.488860130310059
3.65,175.82777404785156,-10.507983207702637
3.66,177.82005310058594,-10.507983207702637
3.67,178.1662139892578,-10.51754379272461
3.68,178.7712860107422,-10.51754379272461
3.69,179.9814910888672,-10.51754379272461
3.7,179.9814910888672,-10.527105331420898
3.71,180.84815979003906,-10.555789947509766
3.72,181.7993927001953,-10.565351486206055
3.73,182.6660919189453,-10.565351486206055
3.74,182.75328063964844,-10.565351486206055
3.75,183.18397521972656,-10.565351486206055
3.76,183.61729431152344,-10.565351486206055
3.77,184.91734313964844,-10.565351486206055
3.78,185.78138732910156,-10.565351486206055
3.79,186.30189514160156,-10.584474563598633
3.8,186.90699768066406,-10.594035148620605
3.81,187.60194396972656,-10.594035148620605
3.82,187.60194396972656,-10.594035148620605
3.83,188.1198272705078,-10.594035148620605
3.84,188.46861267089844,-10.594035148620605
3.85,189.07371520996094,-10.594035148620605
3.86,189.2480926513672,-10.594035148620605
3.87,191.8455047607422,-10.594035148620605
3.88,192.1044464111328,-10.594035148620605
3.89,192.1044464111328,-10.594035148620605
3.9,192.62498474121094,-10.584474563598633
3.91,192.9711151123047,-10.584474563598633
3.92,194.1865692138672,-10.584474563598633
3.93,194.7917022705078,-10.584474563598633
3.94,195.9199676513672,-10.584474563598633
3.95,196.00450134277344,-10.584474563598633
3.96,197.65330505371094,-10.584474563598633
3.97,197.9994354248047,-10.584474563598633
3.98,198.08668518066406,-10.584474563598633
3.99,198.60719299316406,-10.584474563598633
4,199.2994842529297,-10.584474563598633
4.01,199.2994842529297,-10.584474563598633
4.02,199.56105041503906,-10.574913024902344
4.03,200.59950256347656,-10.574913024902344
4.04,200.6866912841797,-10.574913024902344
4.05,201.03282165527344,-10.574913024902344
4.06,202.94322204589844,-10.574913024902344
4.07,203.0304412841797,-10.584474563598633
4.08,203.2893829345703,-10.584474563598633
4.09,203.80992126464844,-10.594035148620605
4.1,204.6765899658203,-10.594035148620605
4.11,205.63047790527344,-10.594035148620605
4.12,205.8048553466797,-10.565351486206055
4.13,205.9792938232422,-10.565351486206055
4.14,205.9792938232422,-10.565351486206055
4.15,206.15101623535156,-10.565351486206055
4.16,207.36647033691406,-10.555789947509766
4.17,207.71263122558594,-10.555789947509766
4.18,208.75633239746094,-10.555789947509766
4.19,208.92808532714844,-10.555789947509766
4.2,209.5358123779297,-10.565351486206055
4.21,209.7974395751953,-10.555789947509766
4.22,209.7974395751953,-10.555789947509766
4.23,211.10008239746094,-10.555789947509766
4.24,211.35902404785156,-10.555789947509766
4.25,212.57447814941406,-10.546228408813477
4.26,213.3566131591797,-10.546228408813477
4.27,213.96437072753906,-10.536666870117188
4.28,214.3105010986328,-10.527105331420898
4.29,214.65928649902344,-10.527105331420898
4.3,214.74647521972656,-10.51754379272461
4.31,215.87474060058594,-10.51754379272461
4.32,216.39527893066406,-10.51754379272461
4.33,216.8286590576172,-10.507983207702637
4.34,217.17738342285156,-10.498421669006348
4.35,217.4390106201172,-10.498421669006348
4.36,218.56727600097656,-10.498421669006348
4.37,218.74168395996094,-10.488860130310059
4.38,219.26219177246094,-10.488860130310059
4.39,220.1315155029297,-10.488860130310059
4.4,220.2161102294922,-10.488860130310059
4.41,220.3032989501953,-10.488860130310059
4.42,220.39048767089844,-10.488860130310059
4.43,221.25978088378906,-10.488860130310059
4.44,222.64964294433594,-10.488860130310059
4.45,223.17286682128906,-10.488860130310059
4.46,223.3472442626953,-10.488860130310059
4.47,223.8677520751953,-10.46973705291748
4.48,224.5626983642578,-10.46973705291748
4.49,224.7371063232422,-10.450614929199219
4.5,225.86537170410156,-10.450614929199219
4.51,226.9962921142578,-10.450614929199219
4.52,227.17066955566406,-10.44105339050293
4.53,228.0399932861328,-10.44105339050293
4.54,228.3015594482422,-10.44105339050293
4.55,228.82212829589844,-10.44105339050293
4.56,229.86585998535156,-10.44105339050293
4.57,230.12742614746094,-10.44105339050293
4.58,231.43272399902344,-10.44105339050293
4.59,232.12767028808594,-10.44105339050293
4.6,232.21485900878906,-10.44105339050293
4.61,232.3020477294922,-10.450614929199219
4.62,232.82261657714844,-10.450614929199219
4.63,233.17137145996094,-10.44105339050293
4.64,233.52015686035156,-10.44105339050293
4.65,233.69456481933594,-10.44105339050293
4.66,235.0844268798828,-10.44105339050293
4.67,235.43321228027344,-10.43149185180664
4.68,235.8691864013672,-10.43149185180664
4.69,237.00010681152344,-10.421930313110352
4.7,237.08729553222656,-10.412368774414062
4.71,237.4334259033203,-10.402807235717773
4.72,238.56700134277344,-10.393245697021484
4.73,238.82594299316406,-10.383685111999512
4.74,238.82594299316406,-10.383685111999512
4.75,239.0003204345703,-10.383685111999512
4.76,239.7850799560547,-10.374123573303223
4.77,240.1338653564453,-10.374123573303223
4.78,241.0032196044922,-10.364562034606934
4.79,241.3520050048828,-10.355000495910645
4.8,242.3957061767578,-10.355000495910645
4.81,243.1804962158203,-10.355000495910645
4.82,243.26768493652344,-10.355000495910645
4.83,243.7908477783203,-10.355000495910645
4.84,245.5321502685547,-10.355000495910645
4.85,245.7937469482422,-10.355000495910645
4.86,246.22972106933594,-10.355000495910645
4.87,247.1862335205078,-10.355000495910645
4.88,247.6222381591797,-10.355000495910645
4.89,247.9710235595703,-10.355000495910645
4.9,248.5813751220703,-10.355000495910645
4.91,248.8429718017578,-10.374123573303223
4.92,249.0147247314453,-10.374123573303223
4.93,249.2763214111328,-10.383685111999512
4.94,249.88670349121094,-10.393245697021484
4.95,250.23548889160156,-10.393245697021484
4.96,250.4098663330078,-10.393245697021484
4.97,250.49705505371094,-10.393245697021484
4.98,250.49705505371094,-10.393245697021484
4.99,253.02577209472656,-10.393245697021484
5,253.28736877441406,-10.393245697021484
5.01,253.4617462158203,-10.393245697021484
5.02,253.4617462158203,-10.393245697021484
5.03,253.8977508544922,-10.383685111999512
5.04,254.6798553466797,-10.383685111999512
5.05,255.02867126464844,-10.393245697021484
5.06,255.8134307861328,-10.393245697021484
5.07,256.33660888671875,-10.393245697021484
5.08,256.510986328125,-10.393245697021484
5.09,257.121337890625,-10.393245697021484
5.1,257.9061279296875,-10.402807235717773
5.11,257.9061279296875,-10.402807235717773
5.12,258.08050537109375,-10.402807235717773
5.13,258.167724609375,-10.393245697021484
5.14,259.47564697265625,-10.393245697021484
5.15,259.91168212890625,-10.393245697021484
5.16,259.99884033203125,-10.393245697021484
5.17,261.04522705078125,-10.393245697021484
5.18,261.135009765625,-10.374123573303223
5.19,262.79180908203125,-10.355000495910645
5.2,262.79180908203125,-10.355000495910645
5.21,263.227783203125,-10.355000495910645
5.22,263.227783203125,-10.355000495910645
5.23,263.838134765625,-10.355000495910645
5.24,263.92535400390625,-10.355000495910645
5.25,264.884521484375,-10.355000495910645
5.26,265.494873046875,-10.355000495910645
5.27,265.75909423828125,-10.355000495910645
5.28,267.15423583984375,-10.355000495910645
5.29,267.41583251953125,-10.355000495910645
5.3,267.41583251953125,-10.335877418518066
5.31,267.76458740234375,-10.307193756103516
5.32,268.46484375,-10.307193756103516
5.33,268.7264404296875,-10.307193756103516
5.34,269.3367919921875,-10.307193756103516
5.35,270.99615478515625,-10.307193756103516
5.36,270.99615478515625,-10.307193756103516
5.37,271.17059326171875,-10.307193756103516
5.38,271.17059326171875,-10.316755294799805
5.39,271.6065673828125,-10.335877418518066
5.4,272.478515625,-10.335877418518066
5.41,272.91717529296875,-10.316755294799805
5.42,273.3531494140625,-10.335877418518066
5.43,273.87628173828125,-10.326315879821777
5.44,273.9635009765625,-10.307193756103516
5.45,274.6636962890625,-10.326315879821777
5.46,274.838134765625,-10.326315879821777
5.47,276.49749755859375,-10.326315879821777
5.48,276.671875,-10.326315879821777
5.49,276.75909423828125,-10.326315879821777
5.5,276.9334716796875,-10.326315879821777
5.51,277.37213134765625,-10.326315879821777
5.52,278.24407958984375,-10.326315879821777
5.53,279.20587158203125,-10.335877418518066
5.54,279.46746826171875,-10.345438957214355
5.55,279.81884765625,-10.345438957214355
5.56,279.9034423828125,-10.335877418518066
5.57,280.342041015625,-10.335877418518066
5.58,280.778076171875,-10.335877418518066
5.59,282.00140380859375,-10.326315879821777
5.6,282.00140380859375,-10.316755294799805
5.61,282.61444091796875,-10.316755294799805
5.62,283.314697265625,-10.307193756103516
5.63,283.5762939453125,-10.307193756103516
5.64,283.6634521484375,-10.307193756103516
5.65,283.75067138671875,-10.307193756103516
5.66,285.23565673828125,-10.297632217407227
5.67,285.5870361328125,-10.288070678710938
5.68,285.67425537109375,-10.297632217407227
5.69,286.0230712890625,-10.297632217407227
5.7,286.0230712890625,-10.297632217407227
5.71,286.81048583984375,-10.297632217407227
5.72,287.3363037109375,-10.297632217407227
5.73,287.8594970703125,-10.297632217407227
5.74,288.47247314453125,-10.297632217407227
5.75,289.08551025390625,-10.316755294799805
5.76,289.521484375,-10.316755294799805
5.77,289.8729248046875,-10.316755294799805
5.78,290.134521484375,-10.316755294799805
5.79,290.30889892578125,-10.307193756103516
5.8,291.534912109375,-10.316755294799805
5.81,291.62213134765625,-10.307193756103516
5.82,291.70928955078125,-10.316755294799805
5.83,291.70928955078125,-10.316755294799805
5.84,292.84552001953125,-10.307193756103516
5.85,293.54571533203125,-10.307193756103516
5.86,293.54571533203125,-10.307193756103516
5.87,293.89715576171875,-10.316755294799805
5.88,293.984375,-10.316755294799805
5.89,294.15875244140625,-10.297632217407227
5.9,294.42303466796875,-10.297632217407227
5.91,294.507568359375,-10.297632217407227
5.92,295.21038818359375,-10.297632217407227
5.93,295.4720458984375,-10.297632217407227
5.94,295.73358154296875,-10.297632217407227
5.95,296.60821533203125,-10.297632217407227
5.96,296.69805908203125,-10.297632217407227
5.97,297.31109619140625,-10.297632217407227
5.98,297.39825439453125,-10.297632217407227
5.99,297.92144775390625,-10.297632217407227
6,298.01129150390625,-10.297632217407227
6.01,298.01129150390625,-10.297632217407227
6.02,298.71148681640625,-10.297632217407227
6.03,298.71148681640625,-10.297632217407227
6.04,298.8858642578125,-10.307193756103516
6.05,299.4989013671875,-10.316755294799805
6.06,300.28631591796875,-10.316755294799805
6.07,300.72491455078125,-10.316755294799805
6.08,300.72491455078125,-10.316755294799805
6.09,301.686767578125,-10.297632217407227
6.1,301.77655029296875,-10.297632217407227
6.11,301.86376953125,-10.297632217407227
6.12,302.1253662109375,-10.297632217407227
6.13,302.2998046875,-10.297632217407227
6.14,303.96441650390625,-10.288070678710938
6.15,304.490234375,-10.288070678710938
6.16,305.01605224609375,-10.278509140014648
6.17,305.01605224609375,-10.278509140014648
6.18,305.54193115234375,-10.278509140014648
6.19,306.1549072265625,-10.278509140014648
6.2,306.50634765625,-10.26894760131836
6.21,306.68072509765625,-10.26894760131836
6.22,307.4681396484375,-10.25938606262207
6.23,307.4681396484375,-10.25938606262207
6.24,307.6451416015625,-10.25938606262207
6.25,308.34539794921875,-10.25938606262207
6.26,308.519775390625,-10.240263938903809
6.27,309.22265625,-10.240263938903809
6.28,309.48419189453125,-10.240263938903809
6.29,309.5714111328125,-10.23070240020752
6.3,309.9228515625,-10.249824523925781
6.31,310.1844482421875,-10.249824523925781
6.32,310.3614501953125,-10.249824523925781
6.33,310.44866943359375,-10.240263938903809
6.34,311.67474365234375,-10.240263938903809
6.35,311.67474365234375,-10.240263938903809
6.36,311.93890380859375,-10.240263938903809
6.37,312.026123046875,-10.23070240020752
6.38,312.29034423828125,-10.23070240020752
6.39,313.7806396484375,-10.22114086151123
6.4,313.95501708984375,-10.22114086151123
6.41,314.65789794921875,-10.22114086151123
6.42,314.65789794921875,-10.22114086151123
6.43,314.74505615234375,-10.22114086151123
6.44,315.532470703125,-10.211579322814941
6.45,315.61968994140625,-10.211579322814941
6.46,316.848388671875,-10.202017784118652
6.47,317.025390625,-10.202017784118652
6.48,317.2869873046875,-10.202017784118652
6.49,317.90264892578125,-10.202017784118652
6.5,317.9898681640625,-10.202017784118652
6.51,318.0770263671875,-10.202017784118652
6.52,318.16424560546875,-10.202017784118652
6.53,318.428466796875,-10.192456245422363
6.54,318.428466796875,-10.192456245422363
6.55,318.7799072265625,-10.192456245422363
6.56,319.83154296875,-10.18289566040039
6.57,319.91876220703125,-10.173334121704102
6.58,320.00592041015625,-10.173334121704102
6.59,320.00592041015625,-10.173334121704102
6.6,320.1829833984375,-10.173334121704102
6.61,320.27020263671875,-10.173334121704102
6.62,320.8831787109375,-10.173334121704102
6.63,320.97039794921875,-10.173334121704102
6.64,321.06024169921875,-10.173334121704102
6.65,321.76043701171875,-10.173334121704102
6.66,322.28887939453125,-10.173334121704102
6.67,322.6376953125,-10.18289566040039
6.68,323.34051513671875,-10.18289566040039
6.69,323.69195556640625,-10.173334121704102
6.7,324.3076171875,-10.173334121704102
6.71,323.69195556640625,-10.173334121704102
6.72,324.3076171875,-10.18289566040039
6.73,324.74359130859375,-10.18289566040039
6.74,324.83343505859375,-10.18289566040039
6.75,325.53631591796875,-10.163772583007812
6.76,326.14935302734375,-10.163772583007812
6.77,326.50079345703125,-10.163772583007812
6.78,326.6751708984375,-10.163772583007812
6.79,327.02655029296875,-10.173334121704102
6.8,327.4652099609375,-10.173334121704102
6.81,327.4652099609375,-10.173334121704102
6.82,327.72943115234375,-10.173334121704102
6.83,327.72943115234375,-10.173334121704102
6.84,327.99365234375,-10.173334121704102
6.85,328.43231201171875,-10.173334121704102
6.86,328.87091064453125,-10.173334121704102
6.87,328.9581298828125,-10.173334121704102
6.88,329.6610107421875,-10.173334121704102
6.89,329.7481689453125,-10.173334121704102
6.9,330.36383056640625,-10.173334121704102
6.91,330.62811279296875,-10.173334121704102
6.92,330.8896484375,-10.173334121704102
6.93,331.85675048828125,-10.173334121704102
6.94,331.94390869140625,-10.154211044311523
6.95,332.20819091796875,-10.144649505615234
6.96,332.472412109375,-10.144649505615234
6.97,332.472412109375,-10.125526428222656
6.98,332.7340087890625,-10.125526428222656
6.99,332.99822998046875,-10.125526428222656
7,333.262451171875,-10.135087966918945
7.01,333.6138916015625,-10.135087966918945
7.02,334.22955322265625,-10.135087966918945
7.03,335.1939697265625,-10.135087966918945
7.04,335.1939697265625,-10.135087966918945
7.05,335.458251953125,-10.135087966918945
7.06,335.63525390625,-10.135087966918945
7.07,335.8968505859375,-10.135087966918945
7.08,336.42535400390625,-10.135087966918945
7.09,336.59967041015625,-10.135087966918945
7.1,336.7767333984375,-10.135087966918945
7.11,337.041015625,-10.135087966918945
7.12,337.74383544921875,-10.135087966918945
7.13,337.8310546875,-10.135087966918945
7.14,338.1824951171875,-10.135087966918945
7.15,338.3594970703125,-10.135087966918945
7.16,338.7109375,-10.135087966918945
7.17,338.7109375,-10.125526428222656
7.18,339.58819580078125,-10.125526428222656
7.19,339.58819580078125,-10.115964889526367
7.2,340.11663818359375,-10.106404304504395
7.21,340.55523681640625,-10.096842765808105
7.22,340.7322998046875,-10.096842765808105
7.23,340.7322998046875,-10.096842765808105
7.24,341.60955810546875,-10.096842765808105
7.25,341.69940185546875,-10.087281227111816
7.26,342.753662109375,-10.087281227111816
7.27,342.84088134765625,-10.096842765808105
7.28,342.92803955078125,-10.106404304504395
7.29,343.01788330078125,-10.106404304504395
7.3,343.54376220703125,-10.106404304504395
7.31,343.633544921875,-10.106404304504395
7.32,343.8079833984375,-10.106404304504395
7.33,344.07220458984375,-10.106404304504395
7.34,344.159423828125,-10.106404304504395
7.35,344.51080322265625,-10.106404304504395
7.36,344.7750244140625,-10.106404304504395
7.37,345.039306640625,-10.106404304504395
7.38,345.48052978515625,-10.106404304504395
7.39,345.74212646484375,-10.106404304504395
7.4,346.00634765625,-10.106404304504395
7.41,346.00634765625,-10.106404304504395
7.42,346.4476318359375,-10.106404304504395
7.43,346.4476318359375,-10.106404304504395
7.44,346.97613525390625,-10.106404304504395
7.45,347.76617431640625,-10.106404304504395
7.46,348.0303955078125,-10.106404304504395
7.47,348.38177490234375,-10.115964889526367
7.48,348.64605712890625,-10.115964889526367
7.49,349.08465576171875,-10.125526428222656
7.5,349.52593994140625,-10.125526428222656
7.51,349.7003173828125,-10.125526428222656
7.52,349.7003173828125,-10.125526428222656
7.53,349.7003173828125,-10.125526428222656
7.54,349.7901611328125,-10.125526428222656
7.55,350.05438232421875,-10.125526428222656
7.56,350.6700439453125,-10.125526428222656
7.57,350.934326171875,-10.125526428222656
7.58,351.021484375,-10.135087966918945
7.59,351.28570556640625,-10.135087966918945
7.6,351.98858642578125,-10.135087966918945
7.61,352.16558837890625,-10.144649505615234
7.62,352.604248046875,-10.144649505615234
7.63,352.604248046875,-10.144649505615234
7.64,353.30975341796875,-10.154211044311523
7.65,353.39697265625,-10.154211044311523
7.66,353.6611328125,-10.154211044311523
7.67,353.83819580078125,-10.154211044311523
7.68,354.18963623046875,-10.154211044311523
7.69,354.27679443359375,-10.154211044311523
7.7,354.27679443359375,-10.154211044311523
7.71,354.453857421875,-10.154211044311523
7.72,354.54107666015625,-10.154211044311523
7.73,354.63092041015625,-10.154211044311523
7.74,354.63092041015625,-10.154211044311523
7.75,354.63092041015625,-10.154211044311523
7.76,354.8052978515625,-10.144649505615234
7.77,355.15936279296875,-10.144649505615234
7.78,355.59796142578125,-10.144649505615234
7.79,355.6851806640625,-10.144649505615234
7.8,356.39068603515625,-10.144649505615234
7.81,356.39068603515625,-10.144649505615234
7.82,356.47784423828125,-10.154211044311523
7.83,356.47784423828125,-10.154211044311523
7.84,356.919189453125,-10.154211044311523
7.85,357.27056884765625,-10.154211044311523
7.86,357.3577880859375,-10.163772583007812
7.87,357.4476318359375,-10.173334121704102
7.88,357.62200927734375,-10.18289566040039
7.89,357.79901123046875,-10.173334121704102
7.9,357.79901123046875,-10.173334121704102
7.91,357.79901123046875,-10.173334121704102
7.92,357.79901123046875,-10.173334121704102
7.93,358.24029541015625,-10.173334121704102
7.94,358.678955078125,-10.173334121704102
7.95,359.2972412109375,-10.173334121704102
7.96,359.2972412109375,-10.173334121704102
7.97,359.47161865234375,-10.173334121704102
7.98,359.47161865234375,-10.173334121704102
7.99,359.64862060546875,-10.173334121704102
8,359.73590087890625,-10.18289566040039
8.01,359.73590087890625,-10.18289566040039
8.02,359.82568359375,-10.18289566040039
8.03,360.0899658203125,-10.18289566040039
8.04,360.528564453125,-10.18289566040039
8.05,361.0570068359375,-10.18289566040039
8.06,361.32122802734375,-10.18289566040039
8.07,361.32122802734375,-10.18289566040039
8.08,361.41107177734375,-10.18289566040039
8.09,361.41107177734375,-10.18289566040039
8.1,361.76251220703125,-10.18289566040039
8.11,361.9395751953125,-10.18289566040039
8.12,362.11395263671875,-10.18289566040039
8.13,362.11395263671875,-10.18289566040039
8.14,362.378173828125,-10.18289566040039
8.15,362.64239501953125,-10.18289566040039
8.16,363.08367919921875,-10.18289566040039
8.17,363.347900390625,-10.18289566040039
8.18,363.43511962890625,-10.18289566040039
8.19,363.52490234375,-10.18289566040039
8.2,363.6993408203125,-10.163772583007812
8.21,363.6121826171875,-10.163772583007812
8.22,363.6121826171875,-10.144649505615234
8.23,363.6121826171875,-10.144649505615234
8.24,363.6993408203125,-10.144649505615234
8.25,364.40484619140625,-10.154211044311523
8.26,364.40484619140625,-10.144649505615234
8.27,364.49468994140625,-10.144649505615234
8.28,365.1103515625,-10.154211044311523
8.29,365.4617919921875,-10.163772583007812
8.3,365.6387939453125,-10.163772583007812
8.31,365.81585693359375,-10.163772583007812
8.32,366.080078125,-10.163772583007812
8.33,366.16729736328125,-10.163772583007812
8.34,366.16729736328125,-10.163772583007812
8.35,366.16729736328125,-10.163772583007812
8.36,366.5213623046875,-10.163772583007812
8.37,366.6085205078125,-10.163772583007812
8.38,366.6085205078125,-10.154211044311523
8.39,366.87274169921875,-10.154211044311523
8.4,367.22418212890625,-10.144649505615234
8.41,366.87274169921875,-10.115964889526367
8.42,367.5782470703125,-10.115964889526367
8.43,367.66546630859375,-10.115964889526367
8.44,367.66546630859375,-10.115964889526367
8.45,367.66546630859375,-10.115964889526367
8.46,367.842529296875,-10.115964889526367
8.47,367.842529296875,-10.115964889526367
8.48,368.28375244140625,-10.115964889526367
8.49,368.8994140625,-10.115964889526367
8.5,368.8994140625,-10.115964889526367
8.51,367.842529296875,-10.115964889526367
8.52,368.8994140625,-10.115964889526367
8.53,369.16363525390625,-10.115964889526367
8.54,369.16363525390625,-10.115964889526367
8.55,369.4278564453125,-10.096842765808105
8.56,369.958984375,-10.115964889526367
8.57,369.958984375,-10.096842765808105
8.58,370.4874267578125,-10.096842765808105
8.59,370.4874267578125,-10.087281227111816
8.6,370.4874267578125,-10.087281227111816
8.61,370.4874267578125,-10.087281227111816
8.62,370.92608642578125,-10.087281227111816
8.63,370.92608642578125,-10.077719688415527
8.64,370.751708984375,-10.077719688415527
8.65,371.01593017578125,-10.077719688415527
8.66,371.19293212890625,-10.077719688415527
8.67,371.80859375,-10.087281227111816
8.68,371.80859375,-10.087281227111816
8.69,371.80859375,-10.077719688415527
8.7,371.98565673828125,-10.068158149719238
8.71,371.98565673828125,-10.068158149719238
8.72,371.98565673828125,-10.068158149719238
8.73,371.98565673828125,-10.068158149719238
8.74,371.98565673828125,-10.068158149719238
8.75,371.98565673828125,-10.068158149719238
8.76,372.0728759765625,-10.068158149719238
8.77,372.0728759765625,-10.068158149719238
8.78,372.42694091796875,-10.068158149719238
8.79,372.60394287109375,-10.068158149719238
8.8,373.660888671875,-10.068158149719238
8.81,373.748046875,-10.068158149719238
8.82,373.92510986328125,-10.068158149719238
8.83,374.10211181640625,-10.068158149719238
8.84,374.10211181640625,-10.068158149719238
8.85,374.10211181640625,-10.04903507232666
8.86,374.36639404296875,-10.04903507232666
8.87,374.36639404296875,-10.04903507232666
8.88,374.36639404296875,-10.04903507232666
8.89,374.36639404296875,-10.04903507232666
8.9,374.36639404296875,-10.04903507232666
8.91,374.89483642578125,-10.04903507232666
8.92,375.0718994140625,-10.04903507232666
8.93,374.89483642578125,-10.04903507232666
8.94,374.89483642578125,-10.04903507232666
8.95,375.0718994140625,-10.04903507232666
8.96,375.33612060546875,-10.04903507232666
8.97,375.600341796875,-10.04903507232666
8.98,375.95440673828125,-10.04903507232666
8.99,375.95440673828125,-10.04903507232666
9,375.600341796875,-10.04903507232666
9.01,375.42596435546875,-10.04903507232666
9.02,375.600341796875,-10.04903507232666
9.03,375.600341796875,-10.04903507232666
9.04,375.95440673828125,-10.039474487304688
9.05,375.690185546875,-10.04903507232666
9.06,375.690185546875,-10.04903507232666
9.07,375.690185546875,-10.039474487304688
9.08,376.21868896484375,-10.04903507232666
9.09,376.21868896484375,-10.039474487304688
9.1,376.30584716796875,-10.039474487304688
9.11,376.30584716796875,-10.04903507232666
9.12,376.39569091796875,-10.04903507232666
9.13,376.39569091796875,-10.04903507232666
9.14,377.1883544921875,-10.039474487304688
9.15,377.01397705078125,-10.029912948608398
9.16,377.54241943359375,-10.029912948608398
9.17,377.54241943359375,-10.029912948608398
9.18,377.54241943359375,-10.029912948608398
9.19,377.54241943359375,-10.02035140991211
9.2,377.54241943359375,-10.02035140991211
9.21,377.54241943359375,-10.02035140991211
9.22,377.54241943359375,-10.02035140991211
9.23,377.54241943359375,-10.02035140991211
9.24,377.719482421875,-10.02035140991211
9.25,378.0709228515625,-10.02035140991211
9.26,378.0709228515625,-10.01078987121582
9.27,378.42498779296875,-10.01078987121582
9.28,378.689208984375,-10.01078987121582
9.29,378.42498779296875,-10.01078987121582
9.3,378.42498779296875,-10.01078987121582
9.31,378.42498779296875,-10.01078987121582
9.32,378.1607666015625,-10.01078987121582
9.33,378.1607666015625,-10.029912948608398
9.34,378.42498779296875,-10.029912948608398
9.35,378.42498779296875,-10.029912948608398
9.36,378.689208984375,-10.039474487304688
9.37,378.689208984375,-10.039474487304688
9.38,379.3074951171875,-10.039474487304688
9.39,379.3074951171875,-10.039474487304688
9.4,379.39471435546875,-10.029912948608398
9.41,379.658935546875,-10.029912948608398
9.42,379.658935546875,-10.029912948608398
9.43,379.39471435546875,-10.02035140991211
9.44,379.658935546875,-10.02035140991211
9.45,379.658935546875,-10.02035140991211
9.46,379.658935546875,-10.02035140991211
9.47,379.658935546875,-10.029912948608398
9.48,379.83599853515625,-10.02035140991211
9.49,380.1900634765625,-10.01078987121582
9.5,380.1900634765625,-10.01078987121582
9.51,380.1900634765625,-10.029912948608398
9.52,380.1900634765625,-10.029912948608398
9.53,380.1900634765625,-10.029912948608398
9.54,380.1900634765625,-10.029912948608398
9.55,380.1900634765625,-10.039474487304688
9.56,379.748779296875,-10.039474487304688
9.57,379.748779296875,-10.039474487304688
9.58,379.748779296875,-10.04903507232666
9.59,379.57177734375,-10.04903507232666
9.6,379.57177734375,-10.04903507232666
9.61,379.748779296875,-10.039474487304688
9.62,379.748779296875,-10.039474487304688
9.63,379.748779296875,-10.039474487304688
9.64,379.92315673828125,-10.029912948608398
9.65,380.01300048828125,-10.029912948608398
9.66,380.54150390625,-10.029912948608398
9.67,381.07257080078125,-10.029912948608398
9.68,381.07257080078125,-10.02035140991211
9.69,380.54150390625,-10.029912948608398
9.7,380.2772216796875,-10.02035140991211
9.71,380.2772216796875,-10.02035140991211
9.72,380.54150390625,-10.02035140991211
9.73,380.54150390625,-10.02035140991211
9.74,380.63134765625,-10.02035140991211
9.75,380.63134765625,-10.029912948608398
9.76,380.63134765625,-10.02035140991211
9.77,380.63134765625,-10.039474487304688
9.78,380.89556884765625,-10.02035140991211
9.79,380.98272705078125,-10.039474487304688
9.8,381.42401123046875,-10.02035140991211
9.81,381.42401123046875,-10.02035140991211
9.82,381.1597900390625,-10.039474487304688
9.83,381.1597900390625,-10.039474487304688
9.84,381.688232421875,-10.02035140991211
9.85,381.24700927734375,-10.029912948608398
9.86,381.24700927734375,-10.02035140991211
9.87,381.24700927734375,-10.02035140991211
9.88,381.1597900390625,-10.02035140991211
9.89,381.1597900390625,-10.02035140991211
9.9,380.89556884765625,-10.02035140991211
9.91,381.1597900390625,-10.02035140991211
9.92,381.1597900390625,-10.02035140991211
9.93,381.1597900390625,-10.02035140991211
9.94,381.1597900390625,-10.02035140991211
9.95,381.42401123046875,-10.02035140991211
9.96,381.42401123046875,-10.02035140991211
9.97,381.688232421875,-10.02035140991211
9.98,381.51123046875,-10.039474487304688
9.99,381.51123046875,-10.039474487304688
10,381.688232421875,-10.04903507232666
10.01,381.688232421875,-10.039474487304688
10.02,381.51123046875,-10.029912948608398
10.03,381.42401123046875,-10.029912948608398
10.04,381.51123046875,-10.039474487304688
10.05,381.688232421875,-10.039474487304688
10.06,381.51123046875,-10.04903507232666
10.07,381.51123046875,-10.029912948608398
10.08,381.51123046875,-10.04903507232666
10.09,381.51123046875,-10.029912948608398
10.1,381.51123046875,-10.04903507232666
10.11,381.51123046875,-10.04903507232666
10.12,381.51123046875,-10.04903507232666
10.13,381.51123046875,-10.04903507232666
10.14,381.51123046875,-10.04903507232666
10.15,381.51123046875,-10.04903507232666
10.16,381.688232421875,-10.04903507232666
10.17,381.688232421875,-10.039474487304688
10.18,382.2193603515625,-10.04903507232666
10.19,382.2193603515625,-10.039474487304688
10.2,382.57080078125,-10.039474487304688
10.21,382.57080078125,-10.05859661102295
10.22,382.2193603515625,-10.039474487304688
10.23,382.2193603515625,-10.039474487304688
10.24,382.04229736328125,-10.039474487304688
10.25,381.95513916015625,-10.068158149719238
10.26,382.04229736328125,-10.068158149719238
10.27,381.95513916015625,-10.05859661102295
10.28,381.86529541015625,-10.05859661102295
10.29,381.86529541015625,-10.068158149719238
10.3,381.778076171875,-10.068158149719238
10.31,381.688232421875,-10.077719688415527
10.32,381.51123046875,-10.077719688415527
10.33,381.51123046875,-10.068158149719238
10.34,381.42401123046875,-10.068158149719238
10.35,381.42401123046875,-10.068158149719238
10.36,381.3367919921875,-10.068158149719238
10.37,381.3367919921875,-10.068158149719238
10.38,381.3367919921875,-10.068158149719238
10.39,381.42401123046875,0
10.4,381.42401123046875,0
10.41,381.42401123046875,0
10.42,381.42401123046875,0
10.43,381.688232421875,0
10.44,381.688232421875,0
10.45,381.688232421875,0
10.46,381.95513916015625,0
10.47,381.688232421875,0
10.48,381.688232421875,0
10.49,381.95513916015625,0
10.5,381.688232421875,0
10.51,381.95513916015625,0
10.52,381.60107421875,0
10.53,381.3367919921875,0
10.54,381.1597900390625,0
10.55,381.07257080078125,0
10.56,380.98272705078125,0
10.57,381.07257080078125,0
10.58,381.07257080078125,0
10.59,380.98272705078125,0
10.6,380.98272705078125,0
10.61,381.1597900390625,0
10.62,380.98272705078125,0
10.63,381.24700927734375,0
10.64,381.24700927734375,0
10.65,381.24700927734375,0
10.66,380.98272705078125,0
10.67,380.98272705078125,0
10.68,380.98272705078125,0
10.69,380.80572509765625,0
10.7,380.36444091796875,0
10.71,380.80572509765625,0
10.72,380.80572509765625,0
10.73,380.36444091796875,0
10.74,380.80572509765625,0
10.75,380.45428466796875,0
10.76,380.36444091796875,0
10.77,380.2772216796875,0
10.78,380.45428466796875,0
10.79,380.45428466796875,0
10.8,380.45428466796875,0
10.81,380.45428466796875,0
10.82,380.89556884765625,0
10.83,380.45428466796875,0
10.84,380.1900634765625,0
10.85,380.01300048828125,0
10.86,380.01300048828125,0
10.87,379.83599853515625,0
10.88,380.01300048828125,0
10.89,380.01300048828125,0
10.9,379.92315673828125,0
10.91,379.83599853515625,0
10.92,379.748779296875,0
10.93,379.748779296875,0
10.94,379.3074951171875,0
10.95,379.0406494140625,0
10.96,378.95343017578125,0
10.97,378.689208984375,0
10.98,378.689208984375,0
10.99,378.689208984375,0
11,378.1607666015625,0
11.01,378.1607666015625,0
11.02,378.1607666015625,0
11.03,378.1607666015625,0
11.04,378.689208984375,0
11.05,378.33514404296875,0
11.06,378.33514404296875,0
11.07,378.0709228515625,0
11.08,377.9837646484375,0
11.09,378.0709228515625,0
11.1,378.0709228515625,0
11.11,378.0709228515625,0
11.12,377.9837646484375,0
11.13,377.9837646484375,0
11.14,377.36541748046875,0
11.15,377.36541748046875,0
11.16,376.8369140625,0
11.17,376.8369140625,0
11.18,376.48284912109375,0
11.19,376.8369140625,0
11.2,376.8369140625,0
11.21,377.1883544921875,0
11.22,377.1883544921875,0
11.23,377.1883544921875,0
11.24,377.1883544921875,0
11.25,377.1883544921875,0
11.26,376.57275390625,0
11.27,376.57275390625,0
11.28,376.48284912109375,0
11.29,376.48284912109375,0
11.3,376.21868896484375,0
11.31,376.1314697265625,0
11.32,376.1314697265625,0
11.33,376.0416259765625,0
11.34,375.86724853515625,0
11.35,375.86724853515625,0
11.36,375.600341796875,0
11.37,375.600341796875,0
11.38,375.600341796875,0
11.39,375.1590576171875,0
11.4,375.1590576171875,0
11.41,374.2791748046875,0
11.42,374.2791748046875,0
11.43,373.92510986328125,0
11.44,374.10211181640625,0
11.45,373.83795166015625,0
11.46,373.748046875,0
11.47,373.748046875,0
11.48,373.748046875,0
11.49,373.748046875,0
11.5,373.83795166015625,0
11.51,373.748046875,0
11.52,373.748046875,0
11.53,373.57366943359375,0
11.54,373.748046875,0
11.55,373.2196044921875,0
11.56,373.1324462890625,0
11.57,373.1324462890625,0
11.58,373.1324462890625,0
11.59,372.95538330078125,0
11.6,372.95538330078125,0
11.61,372.691162109375,0
11.62,372.42694091796875,0
11.63,372.3370361328125,0
11.64,372.42694091796875,0
11.65,372.1627197265625,0
11.66,372.1627197265625,0
11.67,372.0728759765625,0
11.68,372.0728759765625,0
11.69,371.2801513671875,0
11.7,370.8388671875,0
11.71,370.8388671875,0
11.72,370.8388671875,0
11.73,370.57464599609375,0
11.74,370.4874267578125,0
11.75,369.958984375,0
11.76,369.781982421875,0
11.77,369.958984375,0
11.78,369.781982421875,0
11.79,369.781982421875,0
11.8,369.692138671875,0
11.81,369.60491943359375,0
11.82,369.5177001953125,0
11.83,369.5177001953125,0
11.84,369.3406982421875,0
11.85,368.54803466796875,0
11.86,368.54803466796875,0
11.87,368.3709716796875,0
11.88,368.01953125,0
11.89,368.01953125,0
11.9,368.01953125,0
11.91,367.9296875,0
11.92,367.9296875,0
11.93,367.75531005859375,0
11.94,367.66546630859375,0
11.95,367.48846435546875,0
11.96,367.22418212890625,0
11.97,367.0498046875,0
11.98,367.0498046875,0
11.99,366.69573974609375,0
12,366.257080078125,0
12.01,366.257080078125,0
12.02,366.16729736328125,0
12.03,365.37457275390625,0
12.04,365.287353515625,0
12.05,365.1103515625,0
12.06,365.1103515625,0
12.07,365.1103515625,0
12.08,365.197509765625,0
12.09,365.287353515625,0
12.1,365.197509765625,0
12.11,365.197509765625,0
12.12,365.1103515625,0
12.13,365.1103515625,0
12.14,365.1103515625,0
12.15,364.05340576171875,0
12.16,363.6993408203125,0
12.17,363.6993408203125,0
12.18,363.6993408203125,0
12.19,363.347900390625,0
12.2,363.347900390625,0
12.21,363.08367919921875,0
12.22,362.468017578125,0
12.23,362.468017578125,0
12.24,362.291015625,0
12.25,362.20379638671875,0
12.26,362.20379638671875,0
12.27,361.9395751953125,0
12.28,361.76251220703125,0
12.29,361.76251220703125,0
12.3,361.9395751953125,0
12.31,361.9395751953125,0
12.32,361.9395751953125,0
12.33,361.41107177734375,0
12.34,361.32122802734375,0
12.35,361.1468505859375,0
12.36,360.88262939453125,0
12.37,360.44134521484375,0
12.38,360.44134521484375,0
12.39,360.44134521484375,0
12.4,360.44134521484375,0
12.41,360.44134521484375,0
12.42,360.00006103515625,0
12.43,360.44134521484375,0
12.44,360.44134521484375,0
12.45,359.82568359375,0
12.46,359.82568359375,0
12.47,359.82568359375,0
12.48,359.38446044921875,0
12.49,359.38446044921875,0
12.5,358.94317626953125,0
12.51,358.768798828125,0
12.52,357.5347900390625,0
12.53,356.303466796875,0
12.54,355.86224365234375,0
12.55,355.6851806640625,0
12.56,355.24658203125,0
12.57,355.15936279296875,0
12.58,355.15936279296875,0
12.59,355.15936279296875,0
12.6,355.06951904296875,0
12.61,354.9822998046875,0
12.62,354.71807861328125,0
12.63,354.71807861328125,0
12.64,354.453857421875,0
12.65,354.36663818359375,0
12.66,354.18963623046875,0
12.67,353.75103759765625,0
12.68,353.573974609375,0
12.69,353.75103759765625,0
12.7,353.573974609375,0
12.71,353.573974609375,0
12.72,353.48675537109375,0
12.73,353.48675537109375,0
12.74,353.48675537109375,0
12.75,352.16558837890625,0
12.76,351.4600830078125,0
12.77,351.3729248046875,0
12.78,351.021484375,0
12.79,350.31866455078125,0
12.8,350.1416015625,0
12.81,350.1416015625,0
12.82,350.1416015625,0
12.83,350.1416015625,0
12.84,350.1416015625,0
12.85,350.05438232421875,0
12.86,349.6131591796875,0
12.87,349.52593994140625,0
12.88,349.6131591796875,0
12.89,349.6131591796875,0
12.9,349.6131591796875,0
12.91,349.438720703125,0
12.92,349.438720703125,0
12.93,349.438720703125,0
12.94,349.17449951171875,0
12.95,348.9974365234375,0
12.96,348.4716796875,0
12.97,346.88623046875,0
12.98,346.53485107421875,0
12.99,345.83197021484375,0
13,344.95208740234375,0
13.01,344.33642578125,0
13.02,344.33642578125,0
13.03,342.92803955078125,0
13.04,342.84088134765625,0
13.05,342.48944091796875,0
13.06,342.48944091796875,0
13.07,342.48944091796875,0
13.08,342.753662109375,0
13.09,342.92803955078125,0
13.1,343.1051025390625,0
13.11,343.1051025390625,0
13.12,343.1051025390625,0
13.13,343.1051025390625,0
13.14,343.1051025390625,0
13.15,343.1051025390625,0
13.16,342.66644287109375,0
13.17,342.05084228515625,0
13.18,341.873779296875,0
13.19,341.873779296875,0
13.2,339.8524169921875,0
13.21,339.8524169921875,0
13.22,339.67535400390625,0
13.23,337.30517578125,0
13.24,337.128173828125,0
13.25,337.041015625,0
13.26,336.51251220703125,0
13.27,335.80963134765625,0
13.28,335.63525390625,0
13.29,335.54541015625,0
13.3,335.54541015625,0
13.31,335.63525390625,0
13.32,335.63525390625,0
13.33,335.63525390625,0
13.34,335.63525390625,0
13.35,335.72247314453125,0
13.36,335.72247314453125,0
13.37,335.72247314453125,0
13.38,335.72247314453125,0
13.39,335.72247314453125,0
13.4,330.71527099609375,0
13.41,297.22119140625,0
13.42,297.22119140625,0
13.43,297.22119140625,0
13.44,297.22119140625,0
13.45,297.22119140625,0
13.46,298.09844970703125,0
13.47,302.2125244140625,0
13.48,309.13543701171875,0
13.49,311.85174560546875,0
13.5,327.4652099609375,0
13.51,339.67535400390625,0
13.52,339.67535400390625,0
13.53,339.67535400390625,0
13.54,339.67535400390625,0
13.55,339.67535400390625,0
13.56,336.248291015625,0
13.57,327.6422119140625,0
13.58,323.69195556640625,0
13.59,322.55047607421875,0
13.6,320.70880126953125,0
13.61,302.2998046875,0
13.62,302.2998046875,0
13.63,302.2998046875,0
13.64,303.877197265625,0
13.65,303.877197265625,0
13.66,303.877197265625,0
13.67,305.01605224609375,0
13.68,305.01605224609375,0
13.69,305.01605224609375,0
13.7,305.01605224609375,0
13.71,305.01605224609375,0
13.72,305.01605224609375,0
13.73,295.997802734375,0
13.74,286.28729248046875,0
13.75,285.32550048828125,0
13.76,282.70166015625,0
13.77,272.74273681640625,0
13.78,272.6529541015625,0
13.79,272.6529541015625,0
13.8,272.6529541015625,0
13.81,272.6529541015625,0
13.82,272.74273681640625,0
13.83,276.0615234375,0
13.84,278.41845703125,0
13.85,278.41845703125,0
13.86,281.39105224609375,0
13.87,286.54888916015625,0
13.88,290.134521484375,0
13.89,291.534912109375,0
13.9,291.534912109375,0
13.91,291.534912109375,0
13.92,291.534912109375,0
13.93,291.534912109375,0
13.94,291.534912109375,0
13.95,288.5596923828125,0
13.96,285.8486328125,0
13.97,285.8486328125,0
13.98,282.4400634765625,0
13.99,282.4400634765625,0
14,282.4400634765625,0
14.01,285.8486328125,0
14.02,285.8486328125,0
14.03,282.4400634765625,0
14.04,285.32550048828125,0
14.05,285.93585205078125,0
14.06,285.32550048828125,0
14.07,285.32550048828125,0
14.08,285.32550048828125,0
14.09,285.32550048828125,0
14.1,285.32550048828125,0
14.11,283.75067138671875,0
14.12,283.75067138671875,0
14.13,283.75067138671875,0
14.14,283.75067138671875,0
14.15,285.761474609375,0
14.16,287.16192626953125,0
14.17,287.16192626953125,0
14.18,285.761474609375,0
14.19,284.36370849609375,0
14.2,287.16192626953125,0
14.21,287.16192626953125,0
14.22,284.36370849609375,0
14.23,283.837890625,0
14.24,282.78887939453125,0
14.25,282.78887939453125,0
14.26,282.78887939453125,0
14.27,282.78887939453125,0
14.28,283.837890625,0
14.29,282.78887939453125,0
14.3,283.837890625,0
14.31,282.78887939453125,0
14.32,282.78887939453125,0
14.33,284.27386474609375,0
14.34,281.39105224609375,0
14.35,276.75909423828125,0
14.36,276.75909423828125,0
14.37,273.52752685546875,0
14.38,272.478515625,0
14.39,272.478515625,0
14.4,272.12969970703125,0
14.41,266.3695068359375,0
14.42,266.195068359375,0
14.43,266.195068359375,0
14.44,265.66925048828125,0
14.45,263.838134765625,0
14.46,263.75091552734375,0
14.47,263.227783203125,0
14.48,261.83258056640625,0
14.49,260.6964111328125,0
14.5,259.91168212890625,0
14.51,259.47564697265625,0
14.52,259.38848876953125,0
14.53,257.99334716796875,0
14.54,257.20855712890625,0
14.55,257.121337890625,0
14.56,256.42376708984375,0
14.57,255.5518341064453,0
14.58,255.5518341064453,0
14.59,255.5518341064453,0
14.6,254.94142150878906,0
14.61,254.6798553466797,0
14.62,254.4182586669922,0
14.63,253.98228454589844,0
14.64,253.98228454589844,0
14.65,253.3719024658203,0
14.66,252.8513946533203,0
14.67,252.24098205566406,0
14.68,252.24098205566406,0
14.69,252.0666046142578,0
14.7,251.02024841308594,0
14.71,250.4098663330078,0
14.72,250.4098663330078,0
14.73,250.4098663330078,0
14.74,250.4098663330078,0
14.75,250.4098663330078,0
14.76,250.4098663330078,0
14.77,250.4098663330078,0
14.78,250.4098663330078,0
14.79,250.4098663330078,0
14.8,250.4098663330078,0
14.81,250.3226776123047,0
14.82,250.3226776123047,0
14.83,250.4098663330078,0
14.84,250.3226776123047,0
14.85,249.88670349121094,0
14.86,248.7557830810547,0
14.87,248.7557830810547,0
14.88,248.3197784423828,0
14.89,246.40147399902344,0
14.9,247.3606414794922,0
14.91,247.3606414794922,0
14.92,245.96812438964844,0
14.93,247.3606414794922,0
14.94,246.75025939941406,0
14.95,246.75025939941406,0
14.96,245.96812438964844,0
14.97,245.8809356689453,0
14.98,245.8809356689453,0
14.99,245.09617614746094,0
15,245.09617614746094,0
15.01,245.09617614746094,0
15.02,245.0089569091797,0
15.03,243.35487365722656,0
15.04,243.1804962158203,0
15.05,243.00608825683594,0
15.06,243.00608825683594,0
15.07,242.3085174560547,0
15.08,240.91600036621094,0
15.09,239.69789123535156,0
15.1,239.1747283935547,0
15.11,239.1747283935547,0
15.12,238.7414093017578,0
15.13,238.3926239013672,0
15.14,238.04383850097656,0
15.15,238.04383850097656,0
15.16,237.86940002441406,0
15.17,235.43321228027344,0
15.18,231.5172882080078,0
15.19,231.5172882080078,0
15.2,230.90953063964844,0
15.21,230.5607452392578,0
15.22,228.9965057373047,0
15.23,227.86558532714844,0
15.24,227.5194549560547,0
15.25,227.5194549560547,0
15.26,226.8218536376953,0
15.27,226.8218536376953,0
15.28,226.38853454589844,0
15.29,226.38853454589844,0
15.3,226.47572326660156,0
15.31,226.8218536376953,0
15.32,227.5194549560547,0
15.33,226.8218536376953,0
15.34,226.47572326660156,0
15.35,226.47572326660156,0
15.36,226.47572326660156,0
15.37,227.86558532714844,0
15.38,227.86558532714844,0
15.39,226.47572326660156,0
15.4,225.7808380126953,0
15.41,225.5192108154297,0
15.42,225.2576141357422,0
15.43,225.2576141357422,0
15.44,223.60618591308594,0
15.45,220.91368103027344,0
15.46,220.91368103027344,0
15.47,220.5648956298828,0
15.48,219.6083526611328,0
15.49,219.6083526611328,0
15.5,220.5648956298828,0
15.51,220.47764587402344,0
15.52,220.47764587402344,0
15.53,220.47764587402344,0
15.54,220.47764587402344,0
15.55,220.47764587402344,0
15.56,222.47792053222656,0
15.57,222.47792053222656,0
15.58,221.3470001220703,0
15.59,221.3470001220703,0
15.6,221.3470001220703,0
15.61,222.47792053222656,0
15.62,222.64964294433594,0
15.63,222.82408142089844,0
15.64,222.82408142089844,0
15.65,225.69358825683594,0
15.66,228.47596740722656,0
15.67,228.7349395751953,0
15.68,233.6073760986328,0
15.69,233.6073760986328,0
15.7,233.6073760986328,0
15.71,233.6073760986328,0
15.72,232.3892364501953,0
15.73,231.17112731933594,0
15.74,232.12767028808594,0
15.75,231.17112731933594,0
15.76,228.21437072753906,0
15.77,223.8677520751953,0
15.78,223.8677520751953,0
15.79,224.38832092285156,0
15.8,224.8242950439453,0
15.81,224.8242950439453,0
15.82,225.43202209472656,0
15.83,225.43202209472656,0
15.84,225.43202209472656,0
15.85,225.43202209472656,0
15.86,225.43202209472656,0
15.87,226.3013458251953,0
15.88,226.38853454589844,0
15.89,226.38853454589844,0
15.9,226.3013458251953,0
15.91,220.73927307128906,0
15.92,220.73927307128906,0
15.93,223.5189666748047,0
15.94,221.95472717285156,0
15.95,221.95472717285156,0
15.96,217.35182189941406,0
15.97,216.2209014892578,0
15.98,216.2209014892578,0
15.99,221.95472717285156,0
16,223.5189666748047,0
16.01,221.95472717285156,0
16.02,219.43663024902344,0
16.03,219.43663024902344,0
16.04,223.8677520751953,0
16.05,224.7371063232422,0
16.06,224.7371063232422,0
16.07,224.7371063232422,0
16.08,225.7808380126953,0
16.09,221.3470001220703,0
16.1,223.3472442626953,0
16.11,223.3472442626953,0
16.12,221.95472717285156,0
16.13,221.3470001220703,0
16.14,218.13392639160156,0
16.15,214.65928649902344,0
16.16,211.35902404785156,0
16.17,210.3179473876953,0
16.18,210.3179473876953,0
16.19,210.3179473876953,0
16.2,209.88462829589844,0
16.21,209.1024932861328,0
16.22,209.1024932861328,0
16.23,209.88462829589844,0
16.24,209.88462829589844,0
16.25,209.88462829589844,0
16.26,202.2483367919922,0
16.27,201.2072296142578,0
16.28,200.6866912841797,0
16.29,200.6866912841797,0
16.3,201.2072296142578,0
16.31,201.2072296142578,0
16.32,201.2072296142578,0
16.33,201.72776794433594,0
16.34,201.72776794433594,0
16.35,202.3355255126953,0
16.36,202.3355255126953,0
16.37,202.3355255126953,0
16.38,201.72776794433594,0
16.39,201.55601501464844,0
16.4,201.55601501464844,0
16.41,201.29441833496094,0
16.42,195.0532989501953,0
16.43,195.0532989501953,0
16.44,194.87889099121094,0
16.45,194.87889099121094,0
16.46,194.01222229003906,0
16.47,194.01222229003906,0
16.48,194.01222229003906,0
16.49,192.3660125732422,0
16.5,189.9403839111328,0
16.51,189.9403839111328,0
16.52,189.8531951904297,0
16.53,189.8531951904297,0
16.54,189.8531951904297,0
16.55,189.8531951904297,0
16.56,189.8531951904297,0
16.57,189.8531951904297,0
16.58,189.8531951904297,0
16.59,191.06602478027344,0
16.6,189.9403839111328,0
16.61,189.9403839111328,0
16.62,189.9403839111328,0
16.63,185.5224151611328,0
16.64,185.5224151611328,0
16.65,187.4275360107422,0
16.66,187.4275360107422,0
16.67,187.4275360107422,0
16.68,185.00453186035156,0
16.69,183.5327606201172,0
16.7,183.5327606201172,0
16.71,183.5327606201172,0
16.72,183.5327606201172,0
16.73,181.28150939941406,0
16.74,181.0225372314453,0
16.75,179.2046661376953,0
16.76,177.29954528808594,0
16.77,176.6072540283203,0
16.78,175.74317932128906,0
16.79,175.74317932128906,0
16.8,174.79197692871094,0
16.81,174.79197692871094,0
16.82,174.0124969482422,0
16.83,173.8380584716797,0
16.84,173.8380584716797,0
16.85,173.14845275878906,0
16.86,173.0612335205078,0
16.87,172.3689727783203,0
16.88,170.98439025878906,0
16.89,170.98439025878906,0
16.9,170.98439025878906,0
16.91,170.98439025878906,0
16.92,170.98439025878906,0
16.93,169.7742156982422,0
16.94,169.6896514892578,0
16.95,168.3922576904297,0
16.96,168.3922576904297,0
16.97,168.30506896972656,0
16.98,168.30506896972656,0
16.99,167.44105529785156,0
17,167.26927185058594,0
17.01,166.3180694580078,0
17.02,166.1436309814453,0
17.03,166.1436309814453,0
17.04,166.1436309814453,0
17.05,165.36680603027344,0
17.06,164.06944274902344,0
17.07,161.13380432128906,0
17.08,161.13380432128906,0
17.09,161.65171813964844,0
17.1,161.65171813964844,0
17.11,161.9978485107422,0
17.12,161.65171813964844,0
17.13,161.65171813964844,0
17.14,161.9978485107422,0
17.15,161.9978485107422,0
17.16,162.1696014404297,0
17.17,164.8489227294922,0
17.18,164.8489227294922,0
17.19,162.6002960205078,0
17.2,162.1696014404297,0
17.21,162.6002960205078,0
17.22,165.8847198486328,0
17.23,166.3180694580078,0
17.24,168.13331604003906,0
17.25,166.3180694580078,0
17.26,162.6002960205078,0
17.27,163.8104705810547,0
17.28,165.7129364013672,0
17.29,166.3180694580078,0
17.3,166.3180694580078,0
17.31,165.7129364013672,0
17.32,165.7129364013672,0
17.33,165.7129364013672,0
17.34,165.7129364013672,0
17.35,165.7129364013672,0
17.36,165.7129364013672,0
17.37,164.6745147705078,0
17.38,161.3055877685547,0
17.39,160.26979064941406,0
17.4,160.26979064941406,0
17.41,152.0653533935547,0
17.42,151.0295867919922,0
17.43,151.0295867919922,0
17.44,150.2527618408203,0
17.45,143.4381866455078,0
17.46,142.0588836669922,0
17.47,137.1442108154297,0
17.48,137.1442108154297,0
17.49,136.8007049560547,0
17.5,136.71351623535156,0
17.51,135.16246032714844,0
17.52,135.16246032714844,0
17.53,133.4396514892578,0
17.54,132.40650939941406,0
17.55,129.90953063964844,0
17.56,128.96095275878906,0
17.57,128.2712860107422,0
17.58,126.29219055175781,0
17.59,122.15959167480469,0
17.6,119.31910705566406,0
17.61,112.18217468261719,0
17.62,110.54924011230469,0
17.63,109.77503967285156,0
17.64,104.78901672363281,0
17.65,104.78901672363281,0
17.66,104.01744079589844,0
17.67,102.55622863769531,0
17.68,101.78202819824219,0
17.69,101.43852233886719,0
17.7,101.01048278808594,0
17.71,99.80821228027344,0
17.72,98.86225891113281,0
17.73,98.69050598144531,0
17.74,97.91896057128906,0
17.75,97.91896057128906,0
17.76,97.48826599121094,0
17.77,97.06022644042969,0
17.78,97.48826599121094,0
17.79,96.71672058105469,0
17.8,96.02970886230469,0
17.81,96.71672058105469,0
17.82,96.46037292480469,0
17.83,96.46037292480469,0
17.84,96.46037292480469,0
17.85,98.60597229003906,0
17.86,98.60597229003906,0
17.87,99.20576477050781,0
17.88,99.54927062988281,0
17.89,100.40800476074219,0
17.9,100.75151062011719,0
17.91,102.89973449707031,0
17.92,104.61723327636719,0
17.93,109.00083923339844,0
17.94,112.18217468261719,0
17.95,112.61027526855469,0
17.96,112.86918640136719,0
17.97,112.86918640136719,0
17.98,120.43946838378906,0
17.99,120.43946838378906,0
18,120.43946838378906,0
18.01,112.86918640136719,0
18.02,111.92326354980469,0
18.03,111.92326354980469,0
18.04,111.92326354980469,0
18.05,111.92326354980469,0
18.06,112.18217468261719,0
18.07,112.18217468261719,0
18.08,115.02006530761719,0
18.09,117.94245910644531,0
18.1,117.94245910644531,0
18.11,117.94245910644531,0
18.12,117.94245910644531,0
18.13,117.94245910644531,0
18.14,117.25544738769531,0
18.15,115.02006530761719,0
18.16,112.43849182128906,0
18.17,112.43849182128906,0
18.18,112.43849182128906,0
18.19,112.43849182128906,0
18.2,112.43849182128906,0
18.21,112.09498596191406,0
18.22,112.09498596191406,0
18.23,112.43849182128906,0
18.24,107.36790466308594,0
18.25,107.36790466308594,0
18.26,104.53269958496094,0
18.27,104.01744079589844,0
18.28,104.01744079589844,0
18.29,97.23194885253906,0
18.3,97.23194885253906,0
18.31,97.23194885253906,0
18.32,93.36888122558594,0
18.33,93.36888122558594,0
18.34,93.36888122558594,0
18.35,91.39506530761719,0
18.36,91.39506530761719,0
18.37,92.94081115722656,0
18.38,99.12120056152344,0
18.39,92.94081115722656,0
18.4,94.65571594238281,0
18.41,94.65571594238281,0
18.42,92.94081115722656,0
18.43,92.94081115722656,0
18.44,94.65571594238281,0
18.45,94.65571594238281,0
18.46,94.65571594238281,0
18.47,94.65571594238281,0
18.48,94.65571594238281,0
18.49,93.02540588378906,0
18.5,93.02540588378906,0
18.51,93.02540588378906,0
18.52,91.31050109863281,0
18.53,91.31050109863281,0
18.54,90.96699523925781,0
18.55,90.53630065917969,0
18.56,90.53630065917969,0
18.57,90.96699523925781,0
18.58,90.96699523925781,0
18.59,90.96699523925781,0
18.6,92.68190002441406,0
18.61,92.68190002441406,0
18.62,92.68190002441406,0
18.63,93.28431701660156,0
18.64,93.28431701660156,0
18.65,92.68190002441406,0
18.66,92.68190002441406,0
18.67,95.94514465332031,0
18.68,96.20146179199219,0
18.69,96.20146179199219,0
18.7,96.20146179199219,0
18.71,91.48228454589844,0
18.72,91.48228454589844,0
18.73,92.76908874511719,0
18.74,92.76908874511719,0
18.75,90.02369689941406,0
18.76,88.99320983886719,0
18.77,88.30619812011719,0
18.78,83.84861755371094,0
18.79,79.81907653808594,0
18.8,79.13206481933594,0
18.81,74.42082214355469,0
18.82,74.42082214355469,0
18.83,74.42082214355469,0
18.84,73.90556335449219,0
18.85,73.90556335449219,0
18.86,74.42082214355469,0
18.87,74.42082214355469,0
18.88,73.90556335449219,0
18.89,72.62138366699219,0
18.9,68.85343933105469,0
18.91,68.85343933105469,0
18.92,70.65022277832031,0
18.93,70.65022277832031,0
18.94,72.10612487792969,0
18.95,70.65022277832031,0
18.96,68.85343933105469,0
18.97,68.85343933105469,0
18.98,68.85343933105469,0
18.99,70.65022277832031,0
19,70.13761901855469,0
19.01,67.56929016113281,0
19.02,66.20054626464844,0
19.03,65.34446716308594,0
19.04,65.34446716308594,0
19.05,65.34446716308594,0
19.06,65.34446716308594,0
19.07,65.34446716308594,0
19.08,65.34446716308594,0
19.09,65.34446716308594,0
19.1,65.85704040527344,0
19.11,65.85704040527344,0
19.12,65.85704040527344,0
19.13,65.85704040527344,0
19.14,65.85704040527344,0
19.15,62.51979064941406,0
19.16,62.51979064941406,0
19.17,61.57914733886719,0
19.18,59.35432434082031,0
19.19,58.49818420410156,0
19.2,58.15733337402344,0
19.21,57.98558044433594,0
19.22,57.55754089355469,0
19.23,57.47297668457031,0
19.24,54.05116271972656,0
19.25,54.05116271972656,0
19.26,51.82899475097656,0
19.27,51.48811340332031,0
19.28,51.06007385253906,0
19.29,48.75331115722656,0
19.3,46.61567687988281,0
19.31,43.62721252441406,0
19.32,41.83308410644531,0
19.33,37.053131103515625,0
19.34,35.68705749511719,0
19.35,33.12663269042969,0
19.36,31.845123291015625,0
19.37,27.495849609375,0
19.38,21.783157348632812,0
19.39,19.825210571289062,0
19.4,17.692855834960938,0
19.41,9.604705810546875,0
19.42,7.7313079833984375,0
19.43,7.7313079833984375,0
19.44,7.7313079833984375,0
19.45,5.0916290283203125,0
19.46,4.4125518798828125,0
19.47,3.9871368408203125,0
19.48,3.5617218017578125,0
19.49,-23.289520263671875,0
19.5,-24.05316162109375,0
19.51,-25.411300659179688,0
19.52,-25.411300659179688,0
19.53,-25.411300659179688,0
19.54,-25.411300659179688,0
19.55,-25.834075927734375,0
19.56,-27.786758422851562,0
19.57,-25.411300659179688,0
19.58,-25.242202758789062,0
19.59,-25.411300659179688,0
19.6,-25.242202758789062,0
19.61,-25.242202758789062,0
19.62,-24.985885620117188,0
19.63,-22.610458374023438,0
19.64,-22.610458374023438,0
19.65,-22.610458374023438,0
19.66,-22.610458374023438,0
19.67,-22.610458374023438,0
19.68,-22.610458374023438,0
19.69,-22.610458374023438,0
19.7,-10.891754150390625,0
19.71,-14.715194702148438,0
19.72,-22.866744995117188,0
19.73,-22.866744995117188,0
19.74,-14.715194702148438,0
19.75,-14.715194702148438,0
19.76,-14.715194702148438,0
19.77,-11.4017333984375,0
19.78,-5.7075347900390625,0
19.79,-0.60784912109375,0
19.8,5.604248046875,0
19.81,5.604248046875,0
19.82,5.604248046875,0
19.83,5.604248046875,0
19.84,5.8578948974609375,0
19.85,5.8578948974609375,0
19.86,4.4125518798828125,0
19.87,-1.7968902587890625,0
19.88,-2.6477203369140625,0
19.89,-2.6477203369140625,0
19.9,-9.361862182617188,0
19.91,-9.361862182617188,0
19.92,-9.6181640625,0
19.93,-9.6181640625,0
19.94,-11.1480712890625,0
19.95,-11.1480712890625,0
19.96,-13.779815673828125,0
19.97,-15.47882080078125,0
19.98,-15.47882080078125,0
19.99,-15.47882080078125,0
20,-15.47882080078125,0
20.01,-15.47882080078125,0
20.02,-18.197784423828125,0
20.03,-28.040420532226562,0
20.04,-28.296722412109375,0
20.05,-30.925827026367188,0
20.06,-32.61955261230469,0
20.07,-32.960418701171875,0
20.08,-37.198699951171875,0
20.09,-45.75453186035156,0
20.1,-51.93226623535156,0
20.11,-54.725189208984375,0
20.12,-55.908966064453125,0
20.13,-55.908966064453125,0
20.14,-55.908966064453125,0
20.15,-55.908966064453125,0
20.16,-54.725189208984375,0
20.17,-54.133331298828125,0
20.18,-52.865020751953125,0
20.19,-52.69590759277344,0
20.2,-52.69590759277344,0
20.21,-52.69590759277344,0
20.22,-52.69590759277344,0
20.23,-52.69590759277344,0
20.24,-52.69590759277344,0
20.25,-52.69590759277344,0
20.26,-56.07807922363281,0
20.27,-56.07807922363281,0
20.28,-57.349029541015625,0
20.29,-57.349029541015625,0
20.3,-57.349029541015625,0
20.31,-57.349029541015625,0
20.32,-57.349029541015625,0
20.33,-57.349029541015625,0
20.34,-55.57073974609375,0
20.35,-49.56475830078125,0
20.36,-49.56475830078125,0
20.37,-49.56475830078125,0
20.38,-49.56475830078125,0
20.39,-49.56475830078125,0
20.4,-52.61134338378906,0
20.41,-59.29377746582031,0
20.42,-59.29377746582031,0
20.43,-59.29377746582031,0
20.44,-59.29377746582031,0
20.45,-59.29377746582031,0
20.46,-53.28778076171875,0
20.47,-53.118682861328125,0
20.48,-44.399017333984375,0