ts,q0_estimated,q1_estimated,q2_estimated,q3_estimated
-0.75,-1.521,-9.877,0.356,0.011
-0.74,-1.521,-9.877,0.356,0.011
-0.73,-1.521,-9.877,0.356,0.011
-0.72,-1.522,-9.877,0.356,0.011
-0.71,-1.522,-9.877,0.356,0.011
-0.7,-1.522,-9.876,0.356,0.011
-0.69,-1.522,-9.876,0.356,0.011
-0.68,-1.523,-9.876,0.356,0.011
-0.67,-1.523,-9.876,0.356,0.011
-0.66,-1.523,-9.876,0.356,0.011
-0.65,-1.524,-9.876,0.356,0.011
-0.64,-1.524,-9.876,0.356,0.011
-0.63,-1.524,-9.876,0.356,0.011
-0.62,-1.524,-9.876,0.356,0.011
-0.61,-1.525,-9.876,0.356,0.011
-0.6,-1.525,-9.876,0.356,0.01
-0.59,-1.525,-9.876,0.356,0.01
-0.58,-1.526,-9.876,0.356,0.01
-0.57,-1.526,-9.876,0.356,0.01
-0.56,-1.526,-9.876,0.356,0.01
-0.55,-1.526,-9.876,0.356,0.01
-0.54,-1.527,-9.876,0.356,0.01
-0.53,-1.527,-9.876,0.356,0.01
-0.52,-1.527,-9.876,0.356,0.01
-0.51,-1.528,-9.876,0.356,0.01
-0.5,-1.528,-9.876,0.356,0.01
-0.49,-1.528,-9.876,0.356,0.01
-0.48,-1.529,-9.875,0.356,0.01
-0.47,-1.529,-9.875,0.356,0.01
-0.46,-1.529,-9.875,0.356,0.01
-0.45,-1.529,-9.875,0.356,0.01
-0.44,-1.53,-9.875,0.356,0.01
-0.43,-1.53,-9.875,0.356,0.01
-0.42,-1.53,-9.875,0.356,0.01
-0.41,-1.531,-9.875,0.356,0.01
-0.4,-1.531,-9.875,0.356,0.01
-0.39,-1.531,-9.875,0.356,0.01
-0.38,-1.532,-9.875,0.356,0.01
-0.37,-1.532,-9.875,0.356,0.01
-0.36,-1.532,-9.875,0.356,0.01
-0.35,-1.532,-9.875,0.356,0.01
-0.34,-1.533,-9.875,0.356,0.009
-0.33,-1.533,-9.875,0.356,0.009
-0.32,-1.533,-9.875,0.356,0.009
-0.31,-1.534,-9.875,0.356,0.01
-0.3,-1.534,-9.875,0.356,0.01
-0.29,-1.534,-9.875,0.356,0.009
-0.28,-1.535,-9.875,0.356,0.009
-0.27,-1.535,-9.875,0.356,0.01
-0.26,-1.535,-9.874,0.356,0.01
-0.25,-1.535,-9.874,0.356,0.01
-0.24,-1.536,-9.874,0.356,0.009
-0.23,-1.536,-9.874,0.356,0.009
-0.22,-1.536,-9.874,0.356,0.009
-0.21,-1.537,-9.874,0.356,0.009
-0.2,-1.537,-9.874,0.356,0.009
-0.19,-1.537,-9.874,0.356,0.009
-0.18,-1.538,-9.874,0.356,0.009
-0.17,-1.538,-9.874,0.356,0.009
-0.16,-1.538,-9.874,0.356,0.01
-0.15,-1.537,-9.874,0.356,0.01
-0.14,-1.539,-9.874,0.356,0.011
-0.13,-1.541,-9.874,0.355,0.009
-0.12,-1.545,-9.873,0.354,0.003
-0.11,-1.547,-9.873,0.354,0
-0.1,-1.547,-9.873,0.354,-0.004
-0.09,-1.548,-9.873,0.354,-0.009
-0.08,-1.549,-9.872,0.354,-0.014
-0.07,-1.55,-9.872,0.354,-0.021
-0.06,-1.55,-9.872,0.354,-0.025
-0.05,-1.551,-9.872,0.354,-0.03
-0.04,-1.553,-9.872,0.353,-0.035
-0.03,-1.555,-9.871,0.352,-0.04
-0.02,-1.556,-9.871,0.351,-0.046
-0.01,-1.557,-9.871,0.35,-0.055
0,-1.558,-9.871,0.349,-0.068
0.01,9.999,-0.001,0.013,0
0.02,9.999,-0.002,0.03,0.001
0.03,9.999,-0.001,0.047,0.001
0.04,9.999,-0.001,0.058,0.001
0.05,9.999,0,0.065,0
0.06,9.999,0,0.071,0
0.07,9.999,-0.002,0.082,-0.001
0.08,9.999,-0.004,0.095,-0.002
0.09,9.999,-0.004,0.116,-0.002
0.1,9.999,-0.004,0.138,-0.002
0.11,9.998,-0.006,0.156,0
0.12,9.998,-0.007,0.18,0
0.13,9.997,-0.007,0.205,0.001
0.14,9.997,-0.007,0.231,0.001
0.15,9.996,-0.009,0.257,0
0.16,9.996,-0.01,0.275,0
0.17,9.995,-0.01,0.291,0
0.18,9.995,-0.01,0.304,-0.001
0.19,9.995,-0.01,0.314,-0.002
0.2,9.995,-0.011,0.315,-0.002
0.21,9.995,-0.011,0.307,-0.001
0.22,9.995,-0.012,0.293,-0.001
0.23,9.996,-0.013,0.273,-0.002
0.24,9.996,-0.013,0.247,-0.001
0.25,9.997,-0.013,0.218,0
0.26,9.998,-0.015,0.198,0.002
0.27,9.998,-0.016,0.189,0.004
0.28,9.997,-0.02,0.2,0.006
0.29,9.997,-0.024,0.216,0.009
0.3,9.997,-0.027,0.234,0.01
0.31,9.996,-0.028,0.244,0.01
0.32,9.997,-0.026,0.24,0.009
0.36,9.998,-0.023,0.171,0.003
0.37,9.998,-0.025,0.152,0.001
0.38,9.998,-0.025,0.143,0.001
0.39,9.999,-0.023,0.131,0.002
0.4,9.999,-0.025,0.122,0.002
0.41,9.999,-0.031,0.119,0.001
0.42,9.999,-0.036,0.118,0
0.43,9.999,-0.038,0.121,0.002
0.44,9.999,-0.039,0.12,0.003
0.45,9.999,-0.042,0.119,0.006
0.46,9.999,-0.05,0.117,0.008
0.47,9.999,-0.057,0.121,0.009
0.48,9.998,-0.06,0.135,0.013
0.49,9.998,-0.065,0.149,0.016
0.5,9.998,-0.073,0.162,0.02
0.51,9.998,-0.083,0.175,0.024
0.52,9.997,-0.091,0.187,0.028
0.53,9.997,-0.097,0.198,0.033
0.54,9.997,-0.106,0.208,0.04
0.55,9.996,-0.118,0.219,0.045
0.56,9.996,-0.129,0.23,0.051
0.57,9.995,-0.138,0.241,0.057
0.58,9.995,-0.149,0.25,0.065
0.59,9.995,-0.162,0.26,0.072
0.6,9.994,-0.176,0.27,0.08
0.61,9.993,-0.19,0.281,0.088
0.62,9.993,-0.203,0.291,0.095
0.63,9.992,-0.215,0.302,0.104
0.64,9.991,-0.229,0.312,0.114
0.65,9.99,-0.246,0.323,0.123
0.66,9.99,-0.261,0.333,0.132
0.67,9.989,-0.275,0.344,0.143
0.68,9.988,-0.291,0.355,0.154
0.69,9.987,-0.308,0.367,0.165
0.7,9.985,-0.326,0.379,0.177
0.71,9.984,-0.343,0.392,0.188
0.72,9.983,-0.359,0.407,0.201
0.73,9.981,-0.377,0.423,0.214
0.74,9.979,-0.397,0.439,0.228
0.75,9.977,-0.416,0.457,0.241
0.76,9.975,-0.434,0.476,0.256
0.77,9.973,-0.453,0.497,0.271
0.78,9.971,-0.473,0.518,0.287
0.79,9.968,-0.495,0.54,0.303
0.8,9.965,-0.515,0.564,0.319
0.81,9.962,-0.534,0.588,0.336
0.82,9.959,-0.556,0.612,0.353
0.83,9.955,-0.579,0.636,0.371
0.84,9.952,-0.6,0.662,0.389
0.85,9.948,-0.621,0.687,0.406
0.86,9.944,-0.643,0.713,0.425
0.87,9.94,-0.666,0.74,0.444
0.88,9.935,-0.689,0.767,0.463
0.89,9.931,-0.711,0.796,0.482
0.9,9.926,-0.733,0.825,0.501
0.91,9.92,-0.757,0.855,0.521
0.92,9.915,-0.781,0.885,0.541
0.93,9.909,-0.804,0.916,0.561
0.94,9.903,-0.827,0.948,0.581
0.95,9.897,-0.851,0.981,0.601
0.96,9.89,-0.875,1.014,0.622
0.97,9.883,-0.899,1.047,0.643
0.98,9.876,-0.922,1.081,0.664
0.99,9.868,-0.946,1.115,0.685
1,9.86,-0.971,1.149,0.707
1.01,9.852,-0.995,1.183,0.729
1.02,9.844,-1.019,1.217,0.751
1.03,9.836,-1.042,1.25,0.773
1.04,9.827,-1.066,1.283,0.795
1.05,9.818,-1.09,1.315,0.818
1.06,9.81,-1.113,1.346,0.84
1.07,9.801,-1.135,1.376,0.863
1.08,9.792,-1.157,1.406,0.886
1.09,9.783,-1.18,1.435,0.909
1.1,9.774,-1.202,1.463,0.933
1.11,9.765,-1.223,1.489,0.956
1.12,9.757,-1.243,1.512,0.98
1.13,9.748,-1.263,1.534,1.004
1.14,9.74,-1.283,1.554,1.028
1.15,9.732,-1.301,1.574,1.053
1.16,9.724,-1.319,1.591,1.078
1.17,9.716,-1.337,1.606,1.103
1.18,9.709,-1.354,1.62,1.128
1.19,9.701,-1.37,1.633,1.154
1.2,9.694,-1.385,1.645,1.179
1.21,9.687,-1.399,1.655,1.206
1.22,9.68,-1.414,1.662,1.232
1.23,9.674,-1.427,1.667,1.258
1.24,9.668,-1.438,1.67,1.286
1.25,9.663,-1.449,1.673,1.313
1.26,9.657,-1.46,1.673,1.34
1.27,9.652,-1.47,1.672,1.367
1.28,9.647,-1.478,1.669,1.395
1.29,9.643,-1.485,1.663,1.423
1.3,9.639,-1.492,1.656,1.45
1.31,9.636,-1.498,1.648,1.477
1.32,9.632,-1.502,1.637,1.505
1.33,9.63,-1.505,1.624,1.534
1.34,9.628,-1.506,1.608,1.561
1.35,9.626,-1.508,1.59,1.589
1.36,9.625,-1.508,1.57,1.617
1.37,9.624,-1.506,1.547,1.646
1.38,9.623,-1.503,1.521,1.674
1.39,9.623,-1.5,1.493,1.703
1.4,9.624,-1.495,1.461,1.731
1.41,9.625,-1.489,1.427,1.759
1.42,9.626,-1.481,1.389,1.788
1.43,9.628,-1.473,1.349,1.817
1.44,9.63,-1.463,1.306,1.845
1.45,9.632,-1.451,1.261,1.873
1.46,9.635,-1.439,1.213,1.901
1.47,9.637,-1.426,1.165,1.93
1.48,9.639,-1.412,1.117,1.957
1.49,9.641,-1.398,1.07,1.984
1.5,9.643,-1.384,1.025,2.01
1.51,9.644,-1.369,0.981,2.035
1.52,9.645,-1.355,0.939,2.06
1.53,9.646,-1.34,0.898,2.084
1.54,9.646,-1.326,0.86,2.107
1.55,9.646,-1.313,0.824,2.129
1.56,9.646,-1.3,0.791,2.15
1.57,9.646,-1.287,0.758,2.17
1.58,9.646,-1.275,0.728,2.188
1.59,9.645,-1.264,0.7,2.206
1.6,9.645,-1.253,0.674,2.222
1.61,9.644,-1.244,0.65,2.238
1.62,9.643,-1.236,0.63,2.251
1.63,9.642,-1.229,0.614,2.263
1.64,9.641,-1.224,0.601,2.274
1.65,9.64,-1.219,0.588,2.284
1.66,9.64,-1.215,0.578,2.292
1.67,9.639,-1.212,0.569,2.3
1.68,9.638,-1.21,0.561,2.306
1.69,9.637,-1.208,0.554,2.311
1.7,9.637,-1.209,0.549,2.316
1.71,9.636,-1.21,0.547,2.318
1.72,9.635,-1.212,0.546,2.32
1.73,9.635,-1.214,0.545,2.321
1.74,9.634,-1.217,0.544,2.321
1.75,9.634,-1.22,0.541,2.321
1.76,9.634,-1.224,0.539,2.32
1.77,9.634,-1.228,0.536,2.319
1.78,9.634,-1.231,0.531,2.317
1.79,9.635,-1.235,0.522,2.315
1.8,9.636,-1.237,0.51,2.313
1.81,9.637,-1.24,0.495,2.31
1.82,9.638,-1.242,0.476,2.307
1.83,9.64,-1.244,0.453,2.304
1.84,9.642,-1.245,0.425,2.301
1.85,9.643,-1.246,0.395,2.298
1.86,9.646,-1.246,0.36,2.295
1.87,9.648,-1.246,0.322,2.292
1.88,9.65,-1.245,0.28,2.289
1.89,9.652,-1.244,0.236,2.286
1.9,9.654,-1.244,0.192,2.283
1.91,9.655,-1.244,0.146,2.279
1.92,9.657,-1.243,0.102,2.275
1.93,9.658,-1.243,0.058,2.271
1.94,9.659,-1.245,0.015,2.266
1.95,9.66,-1.246,-0.025,2.262
1.96,9.661,-1.248,-0.064,2.257
1.97,9.661,-1.25,-0.102,2.252
1.98,9.662,-1.252,-0.14,2.247
1.99,9.662,-1.255,-0.177,2.243
2,9.662,-1.258,-0.213,2.237
2.01,9.662,-1.261,-0.249,2.232
2.02,9.662,-1.264,-0.285,2.228
2.03,9.661,-1.268,-0.32,2.222
2.04,9.661,-1.271,-0.355,2.217
2.05,9.66,-1.274,-0.39,2.213
2.06,9.659,-1.278,-0.425,2.208
2.07,9.658,-1.282,-0.46,2.203
2.08,9.657,-1.286,-0.495,2.199
2.09,9.656,-1.29,-0.528,2.194
2.1,9.654,-1.294,-0.562,2.189
2.11,9.653,-1.298,-0.596,2.185
2.12,9.651,-1.302,-0.629,2.181
2.13,9.649,-1.306,-0.663,2.177
2.14,9.647,-1.31,-0.696,2.173
2.15,9.645,-1.314,-0.731,2.169
2.16,9.642,-1.317,-0.765,2.165
2.17,9.64,-1.321,-0.801,2.162
2.18,9.637,-1.324,-0.838,2.158
2.19,9.634,-1.326,-0.875,2.156
2.2,9.631,-1.329,-0.911,2.153
2.21,9.628,-1.332,-0.947,2.15
2.22,9.624,-1.334,-0.984,2.149
2.23,9.621,-1.335,-1.02,2.146
2.24,9.617,-1.337,-1.057,2.145
2.25,9.613,-1.338,-1.095,2.144
2.26,9.609,-1.338,-1.132,2.143
2.27,9.604,-1.338,-1.168,2.142
2.28,9.6,-1.338,-1.203,2.141
2.29,9.596,-1.338,-1.238,2.141
2.3,9.591,-1.337,-1.273,2.141
2.31,9.587,-1.336,-1.307,2.141
2.32,9.582,-1.334,-1.342,2.142
2.33,9.577,-1.332,-1.377,2.143
2.34,9.572,-1.329,-1.411,2.143
2.35,9.568,-1.326,-1.445,2.145
2.36,9.563,-1.322,-1.477,2.146
2.37,9.558,-1.319,-1.509,2.147
2.38,9.553,-1.315,-1.54,2.149
2.39,9.549,-1.311,-1.569,2.151
2.4,9.544,-1.307,-1.597,2.152
2.41,9.54,-1.303,-1.624,2.154
2.42,9.535,-1.299,-1.651,2.156
2.43,9.531,-1.294,-1.677,2.159
2.44,9.527,-1.29,-1.701,2.162
2.45,9.523,-1.285,-1.724,2.164
2.46,9.518,-1.28,-1.747,2.166
2.47,9.514,-1.275,-1.769,2.169
2.48,9.511,-1.271,-1.789,2.172
2.49,9.507,-1.266,-1.807,2.174
2.5,9.504,-1.261,-1.824,2.177
2.51,9.501,-1.257,-1.84,2.179
2.52,9.499,-1.252,-1.853,2.182
2.53,9.496,-1.249,-1.865,2.184
2.54,9.494,-1.245,-1.877,2.186
2.55,9.492,-1.242,-1.888,2.189
2.56,9.49,-1.238,-1.897,2.191
2.57,9.488,-1.235,-1.904,2.193
2.58,9.487,-1.232,-1.91,2.195
2.59,9.486,-1.23,-1.915,2.196
2.6,9.486,-1.227,-1.916,2.198
2.61,9.486,-1.225,-1.916,2.199
2.62,9.486,-1.223,-1.913,2.201
2.63,9.487,-1.222,-1.908,2.202
2.64,9.488,-1.221,-1.903,2.204
2.65,9.489,-1.219,-1.897,2.206
2.66,9.49,-1.218,-1.89,2.208
2.67,9.491,-1.218,-1.88,2.209
2.68,9.493,-1.217,-1.869,2.21
2.69,9.495,-1.217,-1.856,2.212
2.7,9.498,-1.216,-1.842,2.214
2.71,9.501,-1.217,-1.827,2.215
2.72,9.504,-1.217,-1.809,2.216
2.73,9.507,-1.218,-1.79,2.218
2.74,9.51,-1.219,-1.769,2.22
2.75,9.514,-1.22,-1.747,2.221
2.76,9.518,-1.221,-1.724,2.222
2.77,9.521,-1.223,-1.7,2.224
2.78,9.525,-1.224,-1.676,2.225
2.79,9.529,-1.226,-1.65,2.226
2.8,9.533,-1.229,-1.623,2.228
2.81,9.537,-1.232,-1.594,2.228
2.82,9.542,-1.235,-1.564,2.229
2.83,9.546,-1.239,-1.533,2.23
2.84,9.551,-1.243,-1.5,2.231
2.85,9.555,-1.247,-1.466,2.231
2.86,9.56,-1.252,-1.429,2.23
2.87,9.565,-1.257,-1.391,2.23
2.88,9.57,-1.261,-1.353,2.23
2.89,9.575,-1.266,-1.314,2.23
2.9,9.58,-1.271,-1.273,2.228
2.91,9.585,-1.276,-1.231,2.227
2.92,9.59,-1.282,-1.188,2.226
2.93,9.595,-1.287,-1.145,2.225
2.94,9.6,-1.292,-1.1,2.223
2.95,9.605,-1.298,-1.054,2.221
2.96,9.61,-1.304,-1.007,2.219
2.97,9.615,-1.31,-0.959,2.216
2.98,9.619,-1.315,-0.91,2.213
2.99,9.624,-1.321,-0.859,2.21
3,9.628,-1.328,-0.807,2.206
3.01,9.633,-1.334,-0.754,2.202
3.02,9.637,-1.34,-0.699,2.197
3.03,9.641,-1.346,-0.643,2.193
3.04,9.645,-1.353,-0.585,2.187
3.05,9.649,-1.36,-0.525,2.181
3.06,9.653,-1.366,-0.464,2.175
3.07,9.656,-1.372,-0.402,2.169
3.08,9.659,-1.379,-0.34,2.162
3.09,9.662,-1.385,-0.276,2.155
3.1,9.664,-1.391,-0.212,2.148
3.11,9.666,-1.398,-0.146,2.141
3.12,9.667,-1.404,-0.08,2.133
3.13,9.668,-1.411,-0.013,2.125
3.14,9.669,-1.418,0.055,2.117
3.15,9.669,-1.425,0.125,2.108
3.16,9.669,-1.433,0.196,2.099
3.17,9.668,-1.44,0.269,2.09
3.18,9.666,-1.449,0.343,2.081
3.19,9.664,-1.457,0.419,2.07
3.2,9.662,-1.465,0.496,2.06
3.21,9.659,-1.474,0.574,2.049
3.22,9.655,-1.483,0.653,2.037
3.23,9.65,-1.492,0.733,2.025
3.24,9.645,-1.5,0.814,2.012
3.25,9.639,-1.509,0.895,1.999
3.26,9.632,-1.518,0.977,1.985
3.27,9.625,-1.527,1.06,1.972
3.28,9.617,-1.537,1.144,1.958
3.29,9.608,-1.546,1.227,1.942
3.3,9.599,-1.556,1.311,1.925
3.31,9.589,-1.566,1.396,1.908
3.32,9.578,-1.577,1.48,1.89
3.33,9.566,-1.588,1.565,1.872
3.34,9.554,-1.598,1.65,1.853
3.35,9.54,-1.61,1.736,1.833
3.36,9.526,-1.622,1.822,1.813
3.37,9.511,-1.633,1.908,1.793
3.38,9.496,-1.644,1.994,1.772
3.39,9.479,-1.656,2.08,1.751
3.4,9.462,-1.668,2.166,1.729
3.41,9.443,-1.68,2.252,1.706
3.42,9.424,-1.692,2.339,1.684
3.43,9.404,-1.703,2.425,1.662
3.44,9.383,-1.716,2.512,1.639
3.45,9.361,-1.728,2.598,1.616
3.46,9.339,-1.74,2.685,1.592
3.47,9.315,-1.753,2.773,1.569
3.48,9.29,-1.765,2.86,1.545
3.49,9.264,-1.778,2.947,1.521
3.5,9.237,-1.79,3.035,1.497
3.51,9.21,-1.802,3.122,1.473
3.52,9.181,-1.814,3.21,1.449
3.53,9.151,-1.827,3.297,1.426
3.54,9.121,-1.839,3.383,1.402
3.55,9.09,-1.851,3.47,1.378
3.56,9.057,-1.862,3.557,1.355
3.57,9.023,-1.874,3.644,1.331
3.58,8.989,-1.886,3.73,1.308
3.59,8.953,-1.898,3.817,1.285
3.6,8.917,-1.909,3.904,1.261
3.61,8.879,-1.921,3.991,1.238
3.62,8.84,-1.933,4.078,1.216
3.63,8.8,-1.945,4.164,1.193
3.64,8.759,-1.957,4.25,1.17
3.65,8.717,-1.968,4.337,1.148
3.66,8.674,-1.98,4.423,1.126
3.67,8.63,-1.992,4.509,1.104
3.68,8.584,-2.003,4.594,1.082
3.69,8.539,-2.015,4.679,1.06
3.7,8.491,-2.026,4.764,1.039
3.71,8.443,-2.038,4.848,1.018
3.72,8.394,-2.049,4.932,0.997
3.73,8.344,-2.06,5.016,0.975
3.74,8.293,-2.072,5.099,0.955
3.75,8.242,-2.083,5.182,0.934
3.76,8.189,-2.094,5.264,0.914
3.77,8.135,-2.105,5.345,0.894
3.78,8.081,-2.117,5.425,0.874
3.79,8.027,-2.128,5.505,0.854
3.8,7.971,-2.139,5.583,0.835
3.81,7.915,-2.15,5.661,0.816
3.82,7.859,-2.16,5.738,0.796
3.83,7.802,-2.171,5.814,0.777
3.84,7.744,-2.182,5.888,0.759
3.85,7.687,-2.193,5.962,0.741
3.86,7.629,-2.204,6.034,0.722
3.87,7.57,-2.214,6.106,0.704
3.88,7.511,-2.225,6.176,0.687
3.89,7.452,-2.236,6.245,0.669
3.9,7.393,-2.246,6.313,0.652
3.91,7.333,-2.257,6.381,0.635
3.92,7.273,-2.267,6.447,0.618
3.93,7.212,-2.278,6.513,0.601
3.94,7.152,-2.289,6.577,0.583
3.95,7.09,-2.299,6.641,0.566
3.96,7.029,-2.31,6.704,0.549
3.97,6.967,-2.32,6.766,0.532
3.98,6.905,-2.331,6.827,0.515
3.99,6.842,-2.342,6.887,0.498
4,6.779,-2.352,6.947,0.481
4.01,6.716,-2.363,7.006,0.464
4.02,6.652,-2.373,7.065,0.446
4.03,6.587,-2.384,7.122,0.429
4.04,6.522,-2.395,7.18,0.412
4.05,6.457,-2.405,7.236,0.394
4.06,6.391,-2.416,7.292,0.376
4.07,6.324,-2.426,7.346,0.359
4.08,6.258,-2.437,7.401,0.341
4.09,6.191,-2.447,7.454,0.322
4.1,6.124,-2.457,7.507,0.305
4.11,6.056,-2.467,7.559,0.286
4.12,5.988,-2.478,7.611,0.268
4.13,5.919,-2.488,7.661,0.25
4.14,5.851,-2.498,7.711,0.232
4.15,5.782,-2.508,7.76,0.213
4.16,5.712,-2.518,7.809,0.195
4.17,5.643,-2.528,7.856,0.176
4.18,5.573,-2.537,7.903,0.157
4.19,5.502,-2.547,7.95,0.138
4.2,5.431,-2.556,7.996,0.119
4.21,5.36,-2.566,8.041,0.1
4.22,5.288,-2.575,8.086,0.08
4.23,5.216,-2.584,8.13,0.06
4.24,5.143,-2.592,8.174,0.04
4.25,5.07,-2.601,8.217,0.02
4.26,4.996,-2.609,8.259,0
4.27,4.922,-2.617,8.301,-0.02
4.28,4.848,-2.625,8.342,-0.041
4.29,4.773,-2.632,8.383,-0.062
4.3,4.697,-2.64,8.423,-0.083
4.31,4.622,-2.647,8.462,-0.105
4.32,4.546,-2.653,8.501,-0.126
4.33,4.469,-2.66,8.539,-0.148
4.34,4.393,-2.666,8.576,-0.169
4.35,4.316,-2.672,8.613,-0.191
4.36,4.239,-2.678,8.649,-0.213
4.37,4.162,-2.683,8.684,-0.235
4.38,4.084,-2.688,8.718,-0.258
4.39,4.006,-2.693,8.752,-0.28
4.4,3.928,-2.697,8.786,-0.303
4.41,3.849,-2.701,8.818,-0.326
4.42,3.77,-2.705,8.85,-0.349
4.43,3.691,-2.708,8.882,-0.372
4.44,3.611,-2.711,8.913,-0.395
4.45,3.531,-2.714,8.943,-0.419
4.46,3.451,-2.716,8.972,-0.442
4.47,3.37,-2.718,9.001,-0.466
4.48,3.289,-2.719,9.029,-0.489
4.49,3.208,-2.72,9.057,-0.513
4.5,3.127,-2.721,9.084,-0.537
4.51,3.046,-2.721,9.11,-0.561
4.52,2.965,-2.721,9.135,-0.585
4.53,2.883,-2.721,9.16,-0.609
4.54,2.802,-2.72,9.184,-0.633
4.55,2.72,-2.719,9.207,-0.657
4.56,2.639,-2.717,9.229,-0.681
4.57,2.557,-2.715,9.251,-0.705
4.58,2.475,-2.713,9.272,-0.729
4.59,2.393,-2.71,9.292,-0.754
4.6,2.312,-2.707,9.312,-0.778
4.61,2.23,-2.703,9.331,-0.802
4.62,2.148,-2.699,9.349,-0.826
4.63,2.067,-2.695,9.366,-0.85
4.64,1.985,-2.69,9.383,-0.874
4.65,1.903,-2.685,9.399,-0.899
4.66,1.821,-2.68,9.415,-0.923
4.67,1.739,-2.674,9.429,-0.948
4.68,1.658,-2.667,9.443,-0.972
4.69,1.576,-2.661,9.457,-0.996
4.7,1.495,-2.654,9.469,-1.02
4.71,1.414,-2.646,9.481,-1.044
4.72,1.335,-2.639,9.492,-1.068
4.73,1.256,-2.631,9.502,-1.092
4.74,1.178,-2.623,9.512,-1.115
4.75,1.101,-2.615,9.521,-1.138
4.76,1.024,-2.607,9.529,-1.161
4.77,0.949,-2.598,9.536,-1.184
4.78,0.873,-2.59,9.543,-1.207
4.79,0.798,-2.581,9.549,-1.23
4.8,0.724,-2.571,9.554,-1.252
4.81,0.65,-2.562,9.559,-1.275
4.82,0.576,-2.552,9.563,-1.298
4.83,0.503,-2.542,9.567,-1.32
4.84,0.43,-2.532,9.57,-1.343
4.85,0.357,-2.522,9.573,-1.365
4.86,0.286,-2.511,9.575,-1.388
4.87,0.214,-2.501,9.576,-1.41
4.88,0.144,-2.49,9.577,-1.433
4.89,0.074,-2.479,9.577,-1.455
4.9,0.004,-2.467,9.577,-1.477
4.91,-0.064,-2.456,9.576,-1.499
4.92,-0.132,-2.444,9.575,-1.52
4.93,-0.199,-2.432,9.574,-1.542
4.94,-0.266,-2.42,9.571,-1.564
4.95,-0.332,-2.408,9.569,-1.585
4.96,-0.397,-2.396,9.566,-1.607
4.97,-0.461,-2.384,9.563,-1.628
4.98,-0.525,-2.371,9.559,-1.649
4.99,-0.588,-2.359,9.554,-1.67
5,-0.651,-2.346,9.55,-1.691
5.01,-0.714,-2.333,9.545,-1.712
5.02,-0.778,-2.32,9.539,-1.733
5.03,-0.842,-2.306,9.533,-1.753
5.04,-0.906,-2.293,9.527,-1.774
5.05,-0.97,-2.279,9.52,-1.795
5.06,-1.035,-2.265,9.513,-1.816
5.07,-1.099,-2.25,9.505,-1.836
5.08,-1.164,-2.236,9.496,-1.857
5.09,-1.229,-2.221,9.488,-1.878
5.1,-1.294,-2.206,9.478,-1.898
5.11,-1.359,-2.191,9.469,-1.919
5.12,-1.424,-2.176,9.458,-1.94
5.13,-1.49,-2.16,9.448,-1.96
5.14,-1.555,-2.144,9.437,-1.981
5.15,-1.62,-2.128,9.425,-2.001
5.16,-1.686,-2.111,9.413,-2.021
5.17,-1.751,-2.094,9.4,-2.041
5.18,-1.817,-2.078,9.387,-2.061
5.19,-1.883,-2.06,9.374,-2.081
5.2,-1.948,-2.043,9.36,-2.101
5.21,-2.012,-2.026,9.345,-2.121
5.22,-2.077,-2.008,9.33,-2.141
5.23,-2.141,-1.99,9.315,-2.161
5.24,-2.206,-1.972,9.299,-2.181
5.25,-2.27,-1.954,9.283,-2.2
5.26,-2.334,-1.936,9.266,-2.22
5.27,-2.399,-1.917,9.249,-2.24
5.28,-2.463,-1.898,9.231,-2.259
5.29,-2.527,-1.88,9.213,-2.279
5.3,-2.591,-1.861,9.194,-2.298
5.31,-2.656,-1.842,9.174,-2.318
5.32,-2.72,-1.823,9.154,-2.338
5.33,-2.785,-1.804,9.133,-2.357
5.34,-2.851,-1.785,9.112,-2.377
5.35,-2.917,-1.765,9.089,-2.396
5.36,-2.983,-1.745,9.066,-2.416
5.37,-3.049,-1.724,9.043,-2.436
5.38,-3.114,-1.704,9.019,-2.456
5.39,-3.179,-1.684,8.995,-2.476
5.4,-3.243,-1.664,8.971,-2.496
5.41,-3.306,-1.644,8.946,-2.515
5.42,-3.369,-1.624,8.92,-2.535
5.43,-3.433,-1.603,8.894,-2.555
5.44,-3.496,-1.583,8.867,-2.575
5.45,-3.558,-1.562,8.84,-2.594
5.46,-3.62,-1.542,8.813,-2.614
5.47,-3.681,-1.522,8.785,-2.633
5.48,-3.742,-1.501,8.757,-2.653
5.49,-3.803,-1.481,8.728,-2.672
5.5,-3.864,-1.46,8.699,-2.692
5.51,-3.925,-1.439,8.669,-2.712
5.52,-3.985,-1.418,8.639,-2.731
5.53,-4.044,-1.398,8.608,-2.751
5.54,-4.103,-1.377,8.578,-2.771
5.55,-4.162,-1.355,8.546,-2.79
5.56,-4.22,-1.334,8.515,-2.81
5.57,-4.277,-1.313,8.483,-2.83
5.58,-4.334,-1.291,8.451,-2.849
5.59,-4.39,-1.269,8.418,-2.869
5.6,-4.447,-1.246,8.386,-2.888
5.61,-4.503,-1.224,8.352,-2.907
5.62,-4.559,-1.201,8.318,-2.926
5.63,-4.615,-1.178,8.284,-2.945
5.64,-4.669,-1.154,8.25,-2.964
5.65,-4.724,-1.131,8.216,-2.982
5.66,-4.777,-1.107,8.181,-3.001
5.67,-4.831,-1.084,8.146,-3.02
5.68,-4.884,-1.06,8.11,-3.038
5.69,-4.937,-1.036,8.074,-3.057
5.7,-4.989,-1.011,8.038,-3.075
5.71,-5.042,-0.987,8.001,-3.093
5.72,-5.094,-0.962,7.964,-3.111
5.73,-5.146,-0.937,7.927,-3.13
5.74,-5.197,-0.912,7.889,-3.147
5.75,-5.249,-0.886,7.85,-3.166
5.76,-5.3,-0.861,7.811,-3.183
5.77,-5.351,-0.835,7.772,-3.201
5.78,-5.401,-0.809,7.733,-3.219
5.79,-5.451,-0.783,7.693,-3.236
5.8,-5.501,-0.756,7.653,-3.254
5.81,-5.55,-0.73,7.612,-3.271
5.82,-5.6,-0.703,7.571,-3.288
5.83,-5.649,-0.675,7.529,-3.305
5.84,-5.698,-0.647,7.487,-3.323
5.85,-5.747,-0.619,7.444,-3.34
5.86,-5.796,-0.591,7.401,-3.356
5.87,-5.844,-0.562,7.358,-3.373
5.88,-5.892,-0.533,7.314,-3.39
5.89,-5.94,-0.504,7.27,-3.406
5.9,-5.987,-0.474,7.225,-3.422
5.91,-6.033,-0.445,7.181,-3.437
5.92,-6.079,-0.415,7.137,-3.453
5.93,-6.125,-0.384,7.092,-3.468
5.94,-6.17,-0.354,7.047,-3.482
5.95,-6.215,-0.323,7.002,-3.497
5.96,-6.259,-0.292,6.957,-3.511
5.97,-6.303,-0.261,6.911,-3.525
5.98,-6.346,-0.23,6.865,-3.539
5.99,-6.39,-0.199,6.819,-3.552
6,-6.433,-0.167,6.773,-3.564
6.01,-6.475,-0.135,6.726,-3.577
6.02,-6.517,-0.104,6.679,-3.59
6.03,-6.559,-0.071,6.632,-3.602
6.04,-6.6,-0.039,6.585,-3.614
6.05,-6.641,-0.007,6.537,-3.626
6.06,-6.681,0.025,6.489,-3.637
6.07,-6.721,0.057,6.442,-3.648
6.08,-6.76,0.089,6.394,-3.659
6.09,-6.799,0.121,6.347,-3.669
6.1,-6.837,0.153,6.299,-3.679
6.11,-6.874,0.184,6.252,-3.689
6.12,-6.909,0.215,6.206,-3.698
6.13,-6.944,0.246,6.162,-3.707
6.14,-6.977,0.276,6.117,-3.716
6.15,-7.009,0.305,6.074,-3.724
6.16,-7.039,0.333,6.033,-3.732
6.17,-7.069,0.361,5.991,-3.739
6.18,-7.098,0.388,5.951,-3.746
6.19,-7.125,0.415,5.913,-3.753
6.2,-7.151,0.441,5.875,-3.76
6.21,-7.177,0.466,5.838,-3.766
6.22,-7.201,0.491,5.802,-3.772
6.23,-7.224,0.515,5.768,-3.777
6.24,-7.246,0.538,5.735,-3.783
6.25,-7.266,0.561,5.703,-3.788
6.26,-7.286,0.582,5.672,-3.793
6.27,-7.305,0.603,5.643,-3.797
6.28,-7.322,0.623,5.615,-3.802
6.29,-7.339,0.642,5.587,-3.806
6.3,-7.356,0.661,5.561,-3.81
6.31,-7.372,0.68,5.535,-3.814
6.32,-7.387,0.698,5.51,-3.817
6.33,-7.402,0.715,5.485,-3.821
6.34,-7.415,0.731,5.462,-3.824
6.35,-7.429,0.747,5.44,-3.827
6.36,-7.442,0.763,5.418,-3.83
6.37,-7.454,0.778,5.397,-3.832
6.38,-7.466,0.793,5.376,-3.835
6.39,-7.478,0.807,5.356,-3.837
6.4,-7.489,0.821,5.337,-3.839
6.41,-7.5,0.835,5.318,-3.841
6.42,-7.511,0.848,5.299,-3.843
6.43,-7.521,0.861,5.281,-3.845
6.44,-7.531,0.873,5.264,-3.846
6.45,-7.541,0.885,5.247,-3.848
6.46,-7.55,0.897,5.23,-3.849
6.47,-7.56,0.908,5.214,-3.85
6.48,-7.569,0.919,5.199,-3.851
6.49,-7.577,0.93,5.184,-3.851
6.5,-7.586,0.94,5.169,-3.852
6.51,-7.594,0.949,5.155,-3.852
6.52,-7.602,0.958,5.142,-3.852
6.53,-7.609,0.967,5.129,-3.853
6.54,-7.617,0.975,5.116,-3.852
6.55,-7.624,0.983,5.104,-3.852
6.56,-7.631,0.991,5.093,-3.852
6.57,-7.637,0.998,5.082,-3.852
6.58,-7.643,1.005,5.072,-3.851
6.59,-7.649,1.011,5.061,-3.851
6.6,-7.655,1.018,5.052,-3.85
6.61,-7.661,1.023,5.042,-3.849
6.62,-7.667,1.029,5.033,-3.848
6.63,-7.672,1.034,5.025,-3.847
6.64,-7.678,1.039,5.016,-3.846
6.65,-7.683,1.043,5.008,-3.845
6.66,-7.688,1.047,5.001,-3.844
6.67,-7.692,1.051,4.994,-3.843
6.68,-7.696,1.054,4.988,-3.842
6.69,-7.7,1.056,4.982,-3.841
6.7,-7.703,1.058,4.978,-3.84
6.71,-7.706,1.059,4.974,-3.839
6.72,-7.708,1.06,4.972,-3.838
6.73,-7.709,1.06,4.97,-3.837
6.74,-7.711,1.06,4.968,-3.837
6.75,-7.712,1.059,4.968,-3.836
6.76,-7.712,1.057,4.968,-3.835
6.77,-7.713,1.056,4.968,-3.834
6.78,-7.713,1.054,4.968,-3.833
6.79,-7.714,1.052,4.969,-3.833
6.8,-7.715,1.05,4.968,-3.832
6.81,-7.716,1.049,4.967,-3.831
6.82,-7.717,1.048,4.966,-3.83
6.83,-7.719,1.046,4.965,-3.829
6.84,-7.72,1.045,4.963,-3.829
6.85,-7.722,1.044,4.96,-3.828
6.86,-7.725,1.042,4.958,-3.827
6.87,-7.727,1.041,4.954,-3.826
6.88,-7.73,1.041,4.951,-3.826
6.89,-7.733,1.04,4.947,-3.825
6.9,-7.736,1.039,4.942,-3.824
6.91,-7.74,1.038,4.938,-3.824
6.92,-7.743,1.038,4.933,-3.823
6.93,-7.746,1.037,4.928,-3.823
6.94,-7.749,1.036,4.924,-3.823
6.95,-7.752,1.035,4.919,-3.823
6.96,-7.756,1.034,4.914,-3.822
6.97,-7.759,1.033,4.91,-3.822
6.98,-7.761,1.032,4.906,-3.822
6.99,-7.764,1.031,4.902,-3.823
7,-7.766,1.029,4.898,-3.823
7.01,-7.768,1.027,4.895,-3.823
7.02,-7.77,1.025,4.892,-3.824
7.03,-7.772,1.023,4.89,-3.824
7.04,-7.773,1.021,4.887,-3.825
7.05,-7.774,1.019,4.885,-3.826
7.06,-7.776,1.016,4.883,-3.827
7.07,-7.777,1.014,4.881,-3.828
7.08,-7.778,1.012,4.879,-3.829
7.09,-7.778,1.009,4.877,-3.831
7.1,-7.779,1.007,4.875,-3.832
7.11,-7.78,1.005,4.873,-3.834
7.12,-7.781,1.003,4.871,-3.835
7.13,-7.781,1,4.869,-3.837
7.14,-7.782,0.998,4.868,-3.839
7.15,-7.782,0.996,4.867,-3.841
7.16,-7.781,0.993,4.866,-3.844
7.17,-7.781,0.99,4.865,-3.846
7.18,-7.78,0.987,4.864,-3.849
7.19,-7.779,0.984,4.865,-3.852
7.2,-7.777,0.981,4.865,-3.855
7.21,-7.775,0.977,4.867,-3.859
7.22,-7.773,0.973,4.869,-3.862
7.23,-7.77,0.969,4.871,-3.866
7.24,-7.766,0.965,4.874,-3.87
7.25,-7.762,0.961,4.878,-3.874
7.26,-7.758,0.956,4.882,-3.879
7.27,-7.754,0.952,4.886,-3.883
7.28,-7.749,0.947,4.891,-3.888
7.29,-7.744,0.942,4.896,-3.893
7.3,-7.738,0.937,4.902,-3.898
7.31,-7.732,0.931,4.908,-3.904
7.32,-7.725,0.926,4.915,-3.91
7.33,-7.718,0.92,4.923,-3.915
7.34,-7.711,0.913,4.931,-3.922
7.35,-7.702,0.907,4.94,-3.928
7.36,-7.694,0.9,4.95,-3.934
7.37,-7.685,0.893,4.96,-3.941
7.38,-7.675,0.885,4.971,-3.948
7.39,-7.665,0.878,4.982,-3.956
7.4,-7.654,0.87,4.994,-3.963
7.41,-7.643,0.861,5.006,-3.971
7.42,-7.631,0.853,5.019,-3.979
7.43,-7.619,0.844,5.032,-3.987
7.44,-7.607,0.836,5.046,-3.995
7.45,-7.594,0.827,5.06,-4.004
7.46,-7.581,0.818,5.073,-4.012
7.47,-7.568,0.809,5.088,-4.021
7.48,-7.554,0.799,5.102,-4.03
7.49,-7.541,0.79,5.116,-4.04
7.5,-7.527,0.781,5.131,-4.049
7.51,-7.513,0.772,5.145,-4.059
7.52,-7.499,0.763,5.159,-4.069
7.53,-7.484,0.753,5.174,-4.079
7.54,-7.469,0.744,5.189,-4.089
7.55,-7.454,0.735,5.204,-4.099
7.56,-7.439,0.725,5.219,-4.109
7.57,-7.423,0.715,5.234,-4.12
7.58,-7.407,0.706,5.249,-4.13
7.59,-7.391,0.696,5.265,-4.141
7.6,-7.375,0.687,5.28,-4.152
7.61,-7.359,0.677,5.295,-4.163
7.62,-7.343,0.668,5.309,-4.174
7.63,-7.327,0.659,5.324,-4.186
7.64,-7.311,0.649,5.339,-4.197
7.65,-7.294,0.64,5.353,-4.208
7.66,-7.278,0.631,5.368,-4.22
7.67,-7.261,0.622,5.382,-4.232
7.68,-7.244,0.613,5.397,-4.244
7.69,-7.226,0.604,5.412,-4.255
7.7,-7.209,0.595,5.427,-4.268
7.71,-7.191,0.586,5.442,-4.28
7.72,-7.173,0.577,5.457,-4.292
7.73,-7.155,0.567,5.471,-4.305
7.74,-7.137,0.558,5.486,-4.317
7.75,-7.118,0.549,5.501,-4.33
7.76,-7.099,0.54,5.516,-4.342
7.77,-7.081,0.531,5.532,-4.355
7.78,-7.061,0.521,5.547,-4.368
7.79,-7.042,0.512,5.562,-4.381
7.8,-7.022,0.503,5.577,-4.394
7.81,-7.002,0.493,5.593,-4.408
7.82,-6.982,0.483,5.608,-4.421
7.83,-6.962,0.473,5.624,-4.434
7.84,-6.941,0.464,5.639,-4.448
7.85,-6.921,0.454,5.655,-4.461
7.86,-6.9,0.445,5.669,-4.475
7.87,-6.88,0.435,5.684,-4.489
7.88,-6.86,0.426,5.699,-4.502
7.89,-6.839,0.417,5.713,-4.516
7.9,-6.819,0.408,5.727,-4.53
7.91,-6.799,0.399,5.741,-4.543
7.92,-6.778,0.391,5.755,-4.557
7.93,-6.758,0.382,5.768,-4.571
7.94,-6.737,0.374,5.782,-4.585
7.95,-6.717,0.365,5.796,-4.599
7.96,-6.696,0.356,5.809,-4.613
7.97,-6.674,0.347,5.823,-4.627
7.98,-6.653,0.338,5.837,-4.641
7.99,-6.631,0.329,5.851,-4.655
8,-6.609,0.32,5.865,-4.669
8.01,-6.587,0.31,5.879,-4.683
8.02,-6.565,0.301,5.894,-4.697
8.03,-6.542,0.291,5.908,-4.711
8.04,-6.519,0.281,5.923,-4.725
8.05,-6.496,0.271,5.937,-4.739
8.06,-6.473,0.261,5.952,-4.753
8.07,-6.45,0.251,5.966,-4.767
8.08,-6.427,0.24,5.981,-4.78
8.09,-6.403,0.23,5.995,-4.794
8.1,-6.38,0.219,6.009,-4.808
8.11,-6.356,0.209,6.024,-4.822
8.12,-6.333,0.198,6.038,-4.836
8.13,-6.309,0.188,6.052,-4.85
8.14,-6.286,0.177,6.065,-4.863
8.15,-6.262,0.166,6.079,-4.877
8.16,-6.239,0.155,6.092,-4.891
8.17,-6.215,0.145,6.105,-4.905
8.18,-6.192,0.134,6.118,-4.918
8.19,-6.169,0.124,6.131,-4.932
8.2,-6.146,0.113,6.143,-4.945
8.21,-6.124,0.103,6.155,-4.959
8.22,-6.101,0.092,6.167,-4.972
8.23,-6.078,0.082,6.178,-4.986
8.24,-6.056,0.072,6.189,-4.999
8.25,-6.034,0.061,6.201,-5.012
8.26,-6.012,0.051,6.212,-5.026
8.27,-5.99,0.041,6.222,-5.039
8.28,-5.968,0.031,6.233,-5.052
8.29,-5.946,0.021,6.243,-5.065
8.3,-5.924,0.01,6.254,-5.078
8.31,-5.901,0,6.264,-5.091
8.32,-5.88,-0.009,6.274,-5.104
8.33,-5.858,-0.02,6.284,-5.116
8.34,-5.836,-0.03,6.294,-5.129
8.35,-5.814,-0.041,6.304,-5.141
8.36,-5.792,-0.051,6.314,-5.154
8.37,-5.77,-0.062,6.324,-5.166
8.38,-5.748,-0.073,6.334,-5.178
8.39,-5.726,-0.084,6.344,-5.19
8.4,-5.704,-0.095,6.354,-5.202
8.41,-5.681,-0.106,6.365,-5.214
8.42,-5.659,-0.118,6.375,-5.226
8.43,-5.636,-0.129,6.385,-5.238
8.44,-5.613,-0.141,6.396,-5.249
8.45,-5.59,-0.154,6.406,-5.26
8.46,-5.566,-0.167,6.417,-5.271
8.47,-5.543,-0.18,6.428,-5.282
8.48,-5.519,-0.193,6.44,-5.293
8.49,-5.495,-0.207,6.451,-5.304
8.5,-5.471,-0.221,6.463,-5.314
8.51,-5.446,-0.235,6.474,-5.325
8.52,-5.421,-0.25,6.486,-5.335
8.53,-5.396,-0.265,6.498,-5.345
8.54,-5.37,-0.28,6.51,-5.355
8.55,-5.344,-0.296,6.523,-5.365
8.56,-5.318,-0.312,6.535,-5.375
8.57,-5.292,-0.328,6.548,-5.385
8.58,-5.265,-0.345,6.561,-5.394
8.59,-5.238,-0.362,6.574,-5.404
8.6,-5.211,-0.38,6.587,-5.413
8.61,-5.183,-0.397,6.6,-5.422
8.62,-5.156,-0.415,6.614,-5.431
8.63,-5.127,-0.433,6.627,-5.439
8.64,-5.099,-0.452,6.641,-5.448
8.65,-5.07,-0.471,6.655,-5.456
8.66,-5.041,-0.491,6.669,-5.464
8.67,-5.011,-0.511,6.683,-5.472
8.68,-4.981,-0.531,6.698,-5.48
8.69,-4.951,-0.552,6.712,-5.487
8.7,-4.921,-0.573,6.727,-5.495
8.71,-4.89,-0.595,6.742,-5.502
8.72,-4.858,-0.617,6.757,-5.509
8.73,-4.827,-0.639,6.772,-5.515
8.74,-4.795,-0.662,6.787,-5.522
8.75,-4.762,-0.685,6.802,-5.528
8.76,-4.729,-0.709,6.818,-5.534
8.77,-4.696,-0.734,6.834,-5.54
8.78,-4.661,-0.759,6.85,-5.545
8.79,-4.627,-0.785,6.867,-5.55
8.8,-4.592,-0.811,6.883,-5.555
8.81,-4.556,-0.838,6.9,-5.56
8.82,-4.521,-0.865,6.916,-5.564
8.83,-4.485,-0.892,6.933,-5.568
8.84,-4.448,-0.92,6.95,-5.572
8.85,-4.411,-0.948,6.967,-5.575
8.86,-4.373,-0.977,6.984,-5.579
8.87,-4.335,-1.006,7.002,-5.581
8.88,-4.297,-1.035,7.019,-5.584
8.89,-4.259,-1.065,7.036,-5.586
8.9,-4.22,-1.095,7.053,-5.588
8.91,-4.181,-1.125,7.07,-5.59
8.92,-4.142,-1.155,7.087,-5.592
8.93,-4.102,-1.186,7.104,-5.593
8.94,-4.062,-1.218,7.121,-5.594
8.95,-4.022,-1.249,7.138,-5.595
8.96,-3.982,-1.28,7.154,-5.595
8.97,-3.943,-1.312,7.17,-5.595
8.98,-3.904,-1.343,7.186,-5.595
8.99,-3.864,-1.375,7.201,-5.595
9,-3.825,-1.407,7.216,-5.594
9.01,-3.786,-1.438,7.231,-5.594
9.02,-3.747,-1.471,7.246,-5.593
9.03,-3.708,-1.503,7.26,-5.591
9.04,-3.669,-1.535,7.275,-5.589
9.05,-3.631,-1.567,7.289,-5.587
9.06,-3.592,-1.599,7.302,-5.585
9.07,-3.553,-1.632,7.316,-5.583
9.08,-3.515,-1.665,7.329,-5.58
9.09,-3.476,-1.697,7.343,-5.577
9.1,-3.438,-1.73,7.356,-5.573
9.11,-3.399,-1.763,7.369,-5.57
9.12,-3.361,-1.796,7.381,-5.566
9.13,-3.322,-1.83,7.394,-5.562
9.14,-3.283,-1.863,7.406,-5.557
9.15,-3.244,-1.897,7.418,-5.552
9.16,-3.205,-1.931,7.43,-5.547
9.17,-3.166,-1.965,7.442,-5.541
9.18,-3.127,-1.999,7.454,-5.535
9.19,-3.087,-2.034,7.466,-5.529
9.2,-3.048,-2.069,7.477,-5.523
9.21,-3.008,-2.104,7.489,-5.516
9.22,-2.968,-2.139,7.5,-5.509
9.23,-2.927,-2.174,7.511,-5.502
9.24,-2.887,-2.21,7.522,-5.494
9.25,-2.845,-2.247,7.533,-5.486
9.26,-2.803,-2.283,7.544,-5.477
9.27,-2.761,-2.32,7.555,-5.468
9.28,-2.719,-2.357,7.566,-5.459
9.29,-2.677,-2.394,7.576,-5.449
9.3,-2.634,-2.432,7.586,-5.439
9.31,-2.591,-2.469,7.596,-5.428
9.32,-2.548,-2.507,7.606,-5.417
9.33,-2.505,-2.545,7.616,-5.406
9.34,-2.461,-2.583,7.625,-5.395
9.35,-2.418,-2.621,7.635,-5.383
9.36,-2.374,-2.659,7.644,-5.371
9.37,-2.331,-2.698,7.652,-5.359
9.38,-2.287,-2.736,7.661,-5.346
9.39,-2.244,-2.774,7.669,-5.333
9.4,-2.2,-2.812,7.677,-5.32
9.41,-2.157,-2.85,7.684,-5.307
9.42,-2.113,-2.888,7.692,-5.293
9.43,-2.07,-2.926,7.698,-5.279
9.44,-2.027,-2.964,7.705,-5.265
9.45,-1.985,-3.001,7.711,-5.251
9.46,-1.942,-3.038,7.717,-5.237
9.47,-1.9,-3.075,7.723,-5.223
9.48,-1.859,-3.112,7.728,-5.208
9.49,-1.817,-3.148,7.733,-5.194
9.5,-1.777,-3.184,7.737,-5.18
9.51,-1.736,-3.22,7.741,-5.165
9.52,-1.696,-3.255,7.745,-5.151
9.53,-1.656,-3.29,7.748,-5.136
9.54,-1.617,-3.325,7.751,-5.122
9.55,-1.578,-3.359,7.754,-5.107
9.56,-1.539,-3.393,7.757,-5.093
9.57,-1.5,-3.427,7.759,-5.078
9.58,-1.462,-3.46,7.761,-5.064
9.59,-1.425,-3.493,7.762,-5.05
9.6,-1.388,-3.526,7.763,-5.036
9.61,-1.351,-3.558,7.764,-5.021
9.62,-1.314,-3.591,7.765,-5.007
9.63,-1.277,-3.623,7.765,-4.993
9.64,-1.24,-3.655,7.765,-4.979
9.65,-1.204,-3.687,7.765,-4.964
9.66,-1.168,-3.718,7.764,-4.95
9.67,-1.133,-3.749,7.764,-4.936
9.68,-1.097,-3.781,7.763,-4.922
9.69,-1.062,-3.811,7.761,-4.908
9.7,-1.028,-3.842,7.759,-4.895
9.71,-0.994,-3.872,7.757,-4.881
9.72,-0.96,-3.901,7.755,-4.868
9.73,-0.927,-3.931,7.753,-4.855
9.74,-0.895,-3.959,7.75,-4.842
9.75,-0.862,-3.988,7.747,-4.829
9.76,-0.83,-4.017,7.744,-4.816
9.77,-0.798,-4.045,7.741,-4.803
9.78,-0.766,-4.073,7.737,-4.79
9.79,-0.734,-4.101,7.733,-4.777
9.8,-0.703,-4.128,7.73,-4.764
9.81,-0.671,-4.156,7.725,-4.752
9.82,-0.64,-4.183,7.721,-4.739
9.83,-0.609,-4.21,7.717,-4.727
9.84,-0.579,-4.237,7.712,-4.715
9.85,-0.548,-4.263,7.707,-4.702
9.86,-0.518,-4.289,7.702,-4.69
9.87,-0.488,-4.315,7.697,-4.677
9.88,-0.458,-4.341,7.692,-4.665
9.89,-0.429,-4.367,7.686,-4.653
9.9,-0.399,-4.393,7.681,-4.64
9.91,-0.37,-4.418,7.675,-4.628
9.92,-0.342,-4.443,7.669,-4.616
9.93,-0.313,-4.468,7.663,-4.604
9.94,-0.285,-4.492,7.657,-4.592
9.95,-0.257,-4.516,7.651,-4.581
9.96,-0.229,-4.541,7.644,-4.569
9.97,-0.201,-4.564,7.638,-4.558
9.98,-0.174,-4.588,7.631,-4.546
9.99,-0.146,-4.611,7.624,-4.535
10,-0.119,-4.635,7.617,-4.524
10.01,-0.092,-4.658,7.61,-4.513
10.02,-0.065,-4.681,7.603,-4.502
10.03,-0.038,-4.703,7.595,-4.492
10.04,-0.012,-4.726,7.588,-4.481
10.05,0.013,-4.748,7.58,-4.471
10.06,0.039,-4.77,7.572,-4.46
10.07,0.065,-4.791,7.564,-4.45
10.08,0.09,-4.813,7.556,-4.44
10.09,0.116,-4.835,7.548,-4.43
10.1,0.142,-4.856,7.539,-4.42
10.11,0.167,-4.877,7.531,-4.41
10.12,0.192,-4.899,7.522,-4.401
10.13,0.217,-4.92,7.513,-4.391
10.14,0.241,-4.941,7.505,-4.381
10.15,0.266,-4.962,7.495,-4.372
10.16,0.29,-4.982,7.486,-4.363
10.17,0.314,-5.003,7.477,-4.354
10.18,0.337,-5.023,7.467,-4.345
10.19,0.361,-5.043,7.458,-4.336
10.2,0.384,-5.063,7.448,-4.327
10.21,0.407,-5.084,7.438,-4.318
10.22,0.43,-5.103,7.428,-4.31
10.23,0.453,-5.123,7.418,-4.301
10.24,0.475,-5.143,7.408,-4.293
10.25,0.497,-5.163,7.398,-4.285
10.26,0.519,-5.182,7.387,-4.277
10.27,0.54,-5.201,7.377,-4.269
10.28,0.562,-5.221,7.366,-4.261
10.29,0.583,-5.24,7.355,-4.253
10.3,0.604,-5.259,7.344,-4.246
10.31,0.625,-5.278,7.333,-4.238
10.32,0.646,-5.296,7.322,-4.231
10.33,0.666,-5.315,7.311,-4.223
10.34,0.687,-5.334,7.3,-4.216
10.35,0.707,-5.353,7.289,-4.208
10.36,0.728,-5.371,7.277,-4.201
10.37,0.748,-5.39,7.266,-4.193
10.38,0.769,-5.409,7.254,-4.185
10.39,0.789,-5.428,7.242,-4.178
10.4,0.81,-5.447,7.23,-4.169
10.41,0.83,-5.466,7.218,-4.161
10.42,0.851,-5.485,7.206,-4.153
10.43,0.872,-5.504,7.193,-4.145
10.44,0.893,-5.524,7.181,-4.136
10.45,0.914,-5.544,7.168,-4.127
10.46,0.935,-5.563,7.156,-4.118
10.47,0.956,-5.583,7.143,-4.108
10.48,0.977,-5.603,7.13,-4.099
10.49,0.998,-5.623,7.116,-4.089
10.5,1.019,-5.644,7.103,-4.079
10.51,1.04,-5.664,7.09,-4.069
10.52,1.061,-5.684,7.076,-4.059
10.53,1.082,-5.705,7.062,-4.049
10.54,1.103,-5.725,7.048,-4.038
10.55,1.125,-5.746,7.034,-4.028
10.56,1.146,-5.766,7.02,-4.017
10.57,1.167,-5.787,7.006,-4.006
10.58,1.188,-5.807,6.992,-3.995
10.59,1.208,-5.828,6.977,-3.984
10.6,1.229,-5.849,6.963,-3.973
10.61,1.25,-5.869,6.948,-3.961
10.62,1.271,-5.89,6.934,-3.95
10.63,1.291,-5.91,6.919,-3.939
10.64,1.311,-5.931,6.904,-3.927
10.65,1.332,-5.952,6.889,-3.916
10.66,1.352,-5.972,6.873,-3.904
10.67,1.372,-5.993,6.858,-3.892
10.68,1.393,-6.013,6.843,-3.88
10.69,1.413,-6.034,6.827,-3.869
10.7,1.433,-6.055,6.812,-3.857
10.71,1.453,-6.075,6.796,-3.845
10.72,1.473,-6.096,6.78,-3.833
10.73,1.493,-6.117,6.763,-3.82
10.74,1.513,-6.138,6.747,-3.807
10.75,1.534,-6.159,6.73,-3.794
10.76,1.554,-6.18,6.714,-3.781
10.77,1.574,-6.201,6.697,-3.768
10.78,1.594,-6.223,6.68,-3.755
10.79,1.614,-6.244,6.663,-3.742
10.8,1.635,-6.265,6.645,-3.728
10.81,1.654,-6.287,6.628,-3.714
10.82,1.674,-6.308,6.61,-3.701
10.83,1.694,-6.329,6.592,-3.687
10.84,1.714,-6.351,6.574,-3.673
10.85,1.733,-6.372,6.556,-3.659
10.86,1.753,-6.394,6.538,-3.645
10.87,1.773,-6.416,6.519,-3.63
10.88,1.793,-6.438,6.5,-3.616
10.89,1.813,-6.459,6.482,-3.601
10.9,1.832,-6.481,6.463,-3.586
10.91,1.851,-6.502,6.444,-3.571
10.92,1.871,-6.524,6.424,-3.556
10.93,1.891,-6.546,6.405,-3.54
10.94,1.911,-6.568,6.385,-3.523
10.95,1.931,-6.591,6.365,-3.506
10.96,1.952,-6.613,6.345,-3.489
10.97,1.973,-6.636,6.325,-3.47
10.98,1.994,-6.659,6.305,-3.452
10.99,2.015,-6.682,6.284,-3.433
11,2.036,-6.706,6.263,-3.413
11.01,2.057,-6.729,6.241,-3.393
11.02,2.079,-6.753,6.22,-3.372
11.03,2.101,-6.777,6.198,-3.35
11.04,2.123,-6.801,6.176,-3.329
11.05,2.145,-6.825,6.154,-3.307
11.06,2.167,-6.849,6.132,-3.284
11.07,2.189,-6.873,6.109,-3.261
11.08,2.212,-6.897,6.086,-3.237
11.09,2.234,-6.922,6.063,-3.212
11.1,2.257,-6.946,6.04,-3.187
11.11,2.28,-6.971,6.016,-3.162
11.12,2.303,-6.996,5.992,-3.136
11.13,2.325,-7.02,5.968,-3.11
11.14,2.348,-7.045,5.944,-3.084
11.15,2.37,-7.069,5.92,-3.057
11.16,2.393,-7.094,5.895,-3.03
11.17,2.415,-7.118,5.871,-3.003
11.18,2.437,-7.142,5.846,-2.976
11.19,2.459,-7.166,5.822,-2.949
11.2,2.481,-7.19,5.797,-2.921
11.21,2.502,-7.213,5.772,-2.893
11.22,2.523,-7.236,5.747,-2.866
11.23,2.544,-7.26,5.723,-2.838
11.24,2.564,-7.282,5.698,-2.811
11.25,2.584,-7.305,5.674,-2.783
11.26,2.604,-7.327,5.65,-2.756
11.27,2.623,-7.349,5.625,-2.728
11.28,2.641,-7.371,5.601,-2.701
11.29,2.659,-7.393,5.577,-2.675
11.3,2.677,-7.414,5.553,-2.648
11.31,2.694,-7.435,5.53,-2.621
11.32,2.711,-7.455,5.506,-2.595
11.33,2.727,-7.476,5.482,-2.569
11.34,2.744,-7.496,5.459,-2.543
11.35,2.76,-7.516,5.436,-2.516
11.36,2.776,-7.535,5.412,-2.49
11.37,2.792,-7.555,5.389,-2.464
11.38,2.807,-7.574,5.366,-2.437
11.39,2.823,-7.593,5.343,-2.411
11.4,2.838,-7.611,5.32,-2.385
11.41,2.853,-7.63,5.298,-2.359
11.42,2.868,-7.648,5.275,-2.332
11.43,2.883,-7.666,5.252,-2.306
11.44,2.897,-7.684,5.23,-2.28
11.45,2.911,-7.701,5.207,-2.253
11.46,2.926,-7.719,5.185,-2.227
11.47,2.939,-7.736,5.163,-2.2
11.48,2.953,-7.753,5.141,-2.174
11.49,2.967,-7.77,5.119,-2.148
11.5,2.98,-7.786,5.097,-2.121
11.51,2.994,-7.802,5.075,-2.095
11.52,3.007,-7.819,5.053,-2.068
11.53,3.02,-7.834,5.032,-2.041
11.54,3.033,-7.85,5.01,-2.015
11.55,3.045,-7.865,4.989,-1.988
11.56,3.058,-7.881,4.968,-1.962
11.57,3.07,-7.896,4.947,-1.935
11.58,3.083,-7.911,4.925,-1.908
11.59,3.095,-7.925,4.904,-1.881
11.6,3.107,-7.94,4.883,-1.854
11.61,3.12,-7.954,4.862,-1.827
11.62,3.132,-7.968,4.842,-1.799
11.63,3.144,-7.982,4.821,-1.772
11.64,3.156,-7.995,4.801,-1.745
11.65,3.167,-8.009,4.781,-1.719
11.66,3.178,-8.022,4.761,-1.692
11.67,3.189,-8.034,4.742,-1.666
11.68,3.2,-8.047,4.722,-1.639
11.69,3.211,-8.059,4.703,-1.612
11.7,3.222,-8.072,4.683,-1.585
11.71,3.233,-8.084,4.664,-1.558
11.72,3.244,-8.096,4.645,-1.531
11.73,3.255,-8.107,4.626,-1.504
11.74,3.266,-8.119,4.607,-1.476
11.75,3.276,-8.13,4.588,-1.449
11.76,3.287,-8.142,4.569,-1.421
11.77,3.298,-8.153,4.55,-1.393
11.78,3.309,-8.163,4.531,-1.366
11.79,3.319,-8.174,4.512,-1.339
11.8,3.33,-8.184,4.493,-1.312
11.81,3.34,-8.195,4.475,-1.284
11.82,3.351,-8.205,4.456,-1.258
11.83,3.361,-8.214,4.438,-1.231
11.84,3.371,-8.224,4.42,-1.204
11.85,3.381,-8.233,4.402,-1.178
11.86,3.391,-8.243,4.384,-1.152
11.87,3.401,-8.251,4.366,-1.126
11.88,3.41,-8.26,4.349,-1.101
11.89,3.42,-8.269,4.331,-1.075
11.9,3.429,-8.277,4.314,-1.05
11.91,3.438,-8.286,4.297,-1.025
11.92,3.447,-8.294,4.28,-1
11.93,3.456,-8.302,4.263,-0.976
11.94,3.464,-8.31,4.246,-0.951
11.95,3.473,-8.317,4.229,-0.927
11.96,3.481,-8.325,4.213,-0.903
11.97,3.489,-8.332,4.197,-0.879
11.98,3.497,-8.339,4.181,-0.855
11.99,3.505,-8.346,4.165,-0.831
12,3.513,-8.353,4.149,-0.808
12.01,3.52,-8.36,4.133,-0.785
12.02,3.528,-8.367,4.117,-0.762
12.03,3.535,-8.373,4.102,-0.74
12.04,3.543,-8.38,4.086,-0.717
12.05,3.55,-8.386,4.071,-0.695
12.06,3.557,-8.392,4.056,-0.672
12.07,3.564,-8.398,4.041,-0.65
12.08,3.571,-8.404,4.026,-0.628
12.09,3.578,-8.41,4.011,-0.606
12.1,3.585,-8.416,3.996,-0.584
12.11,3.591,-8.421,3.981,-0.562
12.12,3.598,-8.427,3.967,-0.54
12.13,3.604,-8.432,3.952,-0.519
12.14,3.611,-8.437,3.938,-0.497
12.15,3.617,-8.443,3.924,-0.476
12.16,3.623,-8.448,3.91,-0.455
12.17,3.628,-8.453,3.896,-0.434
12.18,3.634,-8.458,3.882,-0.413
12.19,3.64,-8.463,3.869,-0.393
12.2,3.645,-8.467,3.855,-0.372
12.21,3.65,-8.472,3.842,-0.352
12.22,3.656,-8.477,3.829,-0.333
12.23,3.66,-8.481,3.816,-0.314
12.24,3.665,-8.485,3.803,-0.295
12.25,3.67,-8.49,3.79,-0.277
12.26,3.675,-8.494,3.777,-0.258
12.27,3.68,-8.498,3.764,-0.239
12.28,3.685,-8.503,3.75,-0.22
12.29,3.69,-8.507,3.737,-0.201
12.3,3.696,-8.511,3.722,-0.178
12.31,3.706,-8.515,3.704,-0.148
12.32,3.719,-8.52,3.681,-0.111
12.33,3.735,-8.524,3.656,-0.065
12.34,3.756,-8.527,3.629,-0.013
12.35,3.778,-8.53,3.598,0.044
12.36,3.801,-8.534,3.562,0.108
12.37,3.823,-8.54,3.523,0.174
12.38,3.848,-8.542,3.485,0.243
12.39,3.876,-8.542,3.448,0.316
12.4,3.904,-8.542,3.409,0.389
12.41,3.929,-8.543,3.369,0.462
12.42,3.951,-8.545,3.328,0.533
12.43,3.975,-8.544,3.289,0.604
12.44,3.998,-8.542,3.252,0.671
12.45,4.018,-8.541,3.218,0.733
12.46,4.036,-8.54,3.184,0.793
12.47,4.053,-8.539,3.149,0.853
12.48,4.07,-8.537,3.114,0.914
12.49,4.089,-8.533,3.08,0.976
12.5,4.108,-8.529,3.044,1.042
12.51,4.129,-8.525,3.003,1.115
12.52,4.15,-8.52,2.959,1.193
12.53,4.173,-8.512,2.913,1.276
12.54,4.198,-8.502,2.864,1.365
12.55,4.224,-8.491,2.814,1.457
12.56,4.248,-8.48,2.761,1.55
12.57,4.272,-8.467,2.708,1.645
12.58,4.297,-8.453,2.654,1.74
12.59,4.321,-8.436,2.601,1.837
12.6,4.345,-8.419,2.546,1.935
12.61,4.369,-8.4,2.489,2.035
12.62,4.393,-8.379,2.431,2.137
12.63,4.417,-8.356,2.371,2.242
12.64,4.441,-8.331,2.311,2.348
12.65,4.463,-8.305,2.249,2.455
12.66,4.485,-8.278,2.187,2.562
12.67,4.506,-8.248,2.125,2.669
12.68,4.526,-8.218,2.065,2.773
12.69,4.545,-8.188,2.005,2.874
12.7,4.562,-8.157,1.946,2.974
12.71,4.578,-8.126,1.888,3.072
12.72,4.594,-8.093,1.83,3.169
12.73,4.608,-8.059,1.772,3.266
12.74,4.623,-8.023,1.713,3.364
12.75,4.637,-7.985,1.653,3.462
12.76,4.65,-7.946,1.592,3.563
12.77,4.664,-7.904,1.529,3.664
12.78,4.677,-7.86,1.466,3.767
12.79,4.689,-7.813,1.401,3.871
12.8,4.701,-7.765,1.336,3.975
12.81,4.712,-7.715,1.269,4.08
12.82,4.723,-7.662,1.202,4.186
12.83,4.733,-7.607,1.133,4.293
12.84,4.742,-7.55,1.064,4.4
12.85,4.751,-7.49,0.993,4.509
12.86,4.759,-7.427,0.921,4.619
12.87,4.766,-7.361,0.848,4.729
12.88,4.772,-7.294,0.774,4.839
12.89,4.777,-7.225,0.701,4.947
12.9,4.78,-7.154,0.628,5.055
12.91,4.782,-7.084,0.557,5.16
12.92,4.783,-7.013,0.487,5.261
12.93,4.783,-6.942,0.418,5.36
12.94,4.782,-6.87,0.349,5.459
12.95,4.78,-6.795,0.28,5.556
12.96,4.777,-6.718,0.21,5.655
12.97,4.773,-6.637,0.137,5.756
12.98,4.769,-6.549,0.061,5.86
12.99,4.763,-6.457,-0.017,5.967
13,4.756,-6.36,-0.098,6.075
13.01,4.748,-6.259,-0.18,6.183
13.02,4.738,-6.155,-0.263,6.292
13.03,4.727,-6.048,-0.346,6.399
13.04,4.714,-5.939,-0.429,6.504
13.05,4.701,-5.828,-0.512,6.608
13.06,4.685,-5.713,-0.594,6.711
13.07,4.668,-5.596,-0.677,6.813
13.08,4.649,-5.474,-0.761,6.915
13.09,4.629,-5.348,-0.847,7.017
13.1,4.607,-5.218,-0.933,7.118
13.11,4.583,-5.086,-1.019,7.217
13.12,4.557,-4.952,-1.104,7.312
13.13,4.53,-4.817,-1.188,7.405
13.14,4.502,-4.683,-1.27,7.495
13.15,4.473,-4.55,-1.349,7.579
13.16,4.444,-4.419,-1.425,7.66
13.17,4.413,-4.289,-1.5,7.737
13.18,4.381,-4.159,-1.572,7.811
13.19,4.349,-4.028,-1.644,7.883
13.2,4.315,-3.896,-1.715,7.953
13.21,4.28,-3.761,-1.786,8.021
13.22,4.243,-3.623,-1.858,8.087
13.23,4.205,-3.481,-1.93,8.152
13.24,4.165,-3.336,-2.002,8.216
13.25,4.123,-3.188,-2.074,8.278
13.26,4.08,-3.037,-2.146,8.337
13.27,4.036,-2.885,-2.217,8.394
13.28,3.99,-2.731,-2.287,8.449
13.29,3.942,-2.574,-2.357,8.501
13.3,3.893,-2.413,-2.426,8.551
13.31,3.842,-2.25,-2.496,8.598
13.32,3.789,-2.085,-2.565,8.643
13.33,3.734,-1.918,-2.633,8.685
13.34,3.678,-1.749,-2.7,8.724
13.35,3.62,-1.578,-2.768,8.76
13.36,3.561,-1.406,-2.834,8.792
13.37,3.5,-1.235,-2.9,8.82
13.38,3.439,-1.066,-2.964,8.845
13.39,3.379,-0.899,-3.021,8.868
13.4,3.318,-0.735,-3.076,8.887
13.41,3.256,-0.574,-3.13,8.902
13.42,3.194,-0.41,-3.183,8.915
13.43,3.129,-0.241,-3.236,8.925
13.44,3.061,-0.069,-3.29,8.932
13.45,2.993,0.102,-3.34,8.936
13.46,2.924,0.274,-3.391,8.936
13.47,2.854,0.447,-3.446,8.931
13.48,2.784,0.619,-3.492,8.925
13.49,2.714,0.787,-3.536,8.916
13.5,2.644,0.954,-3.58,8.903
13.51,2.573,1.122,-3.619,8.889
13.52,2.499,1.291,-3.659,8.87
13.53,2.425,1.463,-3.699,8.848
13.54,2.35,1.633,-3.734,8.823
13.55,2.274,1.801,-3.77,8.795
13.56,2.201,1.967,-3.802,8.764
13.57,2.127,2.128,-3.831,8.732
13.58,2.055,2.284,-3.859,8.698
13.59,1.986,2.435,-3.884,8.662
13.6,1.917,2.58,-3.906,8.625
13.61,1.85,2.721,-3.927,8.587
13.62,1.783,2.861,-3.945,8.548
13.63,1.717,2.996,-3.961,8.507
13.64,1.653,3.126,-3.977,8.465
13.65,1.59,3.254,-3.989,8.423
13.66,1.529,3.378,-4.001,8.38
13.67,1.467,3.499,-4.01,8.337
13.68,1.408,3.617,-4.018,8.293
13.69,1.35,3.731,-4.025,8.249
13.7,1.293,3.84,-4.03,8.205
13.71,1.238,3.948,-4.033,8.161
13.72,1.183,4.053,-4.036,8.116
13.73,1.129,4.156,-4.037,8.071
13.74,1.077,4.256,-4.037,8.025
13.75,1.024,4.356,-4.038,7.978
13.76,0.973,4.454,-4.037,7.931
13.77,0.922,4.55,-4.036,7.883
13.78,0.872,4.644,-4.034,7.835
13.79,0.821,4.738,-4.031,7.785
13.8,0.772,4.831,-4.029,7.734
13.81,0.72,4.925,-4.026,7.681
13.82,0.669,5.019,-4.022,7.627
13.83,0.618,5.114,-4.018,7.57
13.84,0.565,5.208,-4.013,7.512
13.85,0.514,5.302,-4.009,7.452
13.86,0.463,5.395,-4.004,7.392
13.87,0.412,5.487,-3.998,7.33
13.88,0.361,5.578,-3.992,7.266
13.89,0.311,5.669,-3.985,7.202
13.9,0.26,5.758,-3.978,7.137
13.91,0.211,5.846,-3.971,7.071
13.92,0.16,5.934,-3.962,7.003
13.93,0.111,6.02,-3.954,6.935
13.94,0.063,6.105,-3.945,6.866
13.95,0.014,6.19,-3.935,6.796
13.96,-0.034,6.273,-3.925,6.724
13.97,-0.082,6.355,-3.915,6.652
13.98,-0.13,6.437,-3.904,6.58
13.99,-0.177,6.517,-3.893,6.505
14,-0.224,6.597,-3.882,6.43
14.01,-0.272,6.676,-3.87,6.353
14.02,-0.319,6.755,-3.858,6.275
14.03,-0.366,6.833,-3.845,6.194
14.04,-0.413,6.911,-3.832,6.113
14.05,-0.461,6.989,-3.818,6.028
14.06,-0.509,7.066,-3.805,5.943
14.07,-0.557,7.142,-3.791,5.857
14.08,-0.603,7.215,-3.777,5.77
14.09,-0.649,7.282,-3.769,5.685
14.1,-0.688,7.338,-3.765,5.612
14.11,-0.718,7.385,-3.754,5.553
14.12,-0.748,7.421,-3.749,5.504
14.13,-0.773,7.447,-3.757,5.46
14.14,-0.791,7.464,-3.762,5.43
14.15,-0.802,7.467,-3.771,5.418
14.16,-0.808,7.455,-3.789,5.422
14.17,-0.803,7.426,-3.809,5.448
14.18,-0.788,7.383,-3.83,5.494
14.19,-0.766,7.323,-3.864,5.553
14.2,-0.737,7.252,-3.899,5.625
14.21,-0.701,7.171,-3.935,5.708
14.22,-0.663,7.086,-3.971,5.794
14.23,-0.627,6.997,-4.01,5.878
14.24,-0.588,6.909,-4.049,5.959
14.25,-0.55,6.822,-4.09,6.034
14.26,-0.514,6.737,-4.129,6.106
14.27,-0.477,6.655,-4.167,6.173
14.28,-0.443,6.568,-4.212,6.237
14.29,-0.406,6.48,-4.258,6.3
14.3,-0.361,6.395,-4.29,6.368
14.31,-0.331,6.3,-4.346,6.426
14.32,-0.288,6.219,-4.375,6.487
14.33,-0.236,6.123,-4.422,6.548
14.34,-0.192,6.012,-4.472,6.618
14.35,-0.134,5.913,-4.496,6.693
14.36,-0.073,5.804,-4.547,6.753
14.37,-0.032,5.705,-4.586,6.812
14.38,0.002,5.64,-4.612,6.849
14.39,0.042,5.572,-4.65,6.878
14.4,0.065,5.503,-4.69,6.907
14.41,0.102,5.447,-4.71,6.937
14.42,0.138,5.382,-4.75,6.959
14.43,0.163,5.32,-4.781,6.985
14.44,0.201,5.267,-4.8,7.011
14.45,0.231,5.207,-4.839,7.029
14.46,0.256,5.157,-4.86,7.05
14.47,0.288,5.116,-4.879,7.066
14.48,0.309,5.07,-4.919,7.07
14.49,0.328,5.045,-4.931,7.079
14.5,0.346,5.022,-4.95,7.081
14.51,0.359,4.994,-4.986,7.075
14.52,0.372,4.966,-5.022,7.068
14.53,0.387,4.954,-5.033,7.068
14.54,0.399,4.94,-5.051,7.065
14.55,0.41,4.922,-5.078,7.057
14.56,0.425,4.916,-5.084,7.056
14.57,0.436,4.903,-5.107,7.048
14.58,0.443,4.897,-5.124,7.039
14.59,0.45,4.904,-5.127,7.031
14.6,0.453,4.903,-5.147,7.018
14.61,0.455,4.915,-5.155,7.004
14.62,0.453,4.933,-5.157,6.989
14.63,0.445,4.951,-5.174,6.965
14.64,0.437,4.985,-5.175,6.94
14.65,0.419,5.024,-5.178,6.91
14.66,0.397,5.065,-5.189,6.873
14.67,0.376,5.118,-5.185,6.838
14.68,0.347,5.171,-5.187,6.799
14.69,0.317,5.23,-5.189,6.753
14.7,0.283,5.302,-5.179,6.706
14.71,0.241,5.371,-5.178,6.654
14.72,0.203,5.445,-5.172,6.599
14.73,0.163,5.522,-5.157,6.547
14.74,0.117,5.6,-5.15,6.487
14.75,0.074,5.686,-5.137,6.424
14.76,0.024,5.774,-5.12,6.359
14.77,-0.029,5.865,-5.106,6.286
14.78,-0.08,5.963,-5.085,6.21
14.79,-0.137,6.059,-5.065,6.132
14.8,-0.191,6.156,-5.045,6.049
14.81,-0.248,6.255,-5.027,5.96
14.82,-0.309,6.356,-5,5.873
14.83,-0.365,6.449,-4.981,5.784
14.84,-0.415,6.543,-4.951,5.7
14.85,-0.466,6.63,-4.925,5.617
14.86,-0.515,6.716,-4.903,5.529
14.87,-0.559,6.805,-4.87,5.445
14.88,-0.599,6.888,-4.845,5.358
14.89,-0.644,6.975,-4.815,5.266
14.9,-0.685,7.069,-4.782,5.164
14.91,-0.73,7.158,-4.752,5.063
14.92,-0.773,7.246,-4.718,4.961
14.93,-0.81,7.333,-4.682,4.861
14.94,-0.849,7.414,-4.648,4.764
14.95,-0.881,7.492,-4.614,4.668
14.96,-0.909,7.567,-4.578,4.576
14.97,-0.938,7.636,-4.545,4.487
14.98,-0.957,7.702,-4.511,4.405
14.99,-0.973,7.762,-4.478,4.329
15,-0.987,7.815,-4.447,4.262
15.01,-0.993,7.866,-4.414,4.2
15.02,-0.998,7.912,-4.383,4.144
15.03,-1.001,7.954,-4.355,4.093
15.04,-0.997,7.994,-4.324,4.048
15.05,-0.994,8.028,-4.297,4.011
15.06,-0.985,8.058,-4.269,3.983
15.07,-0.971,8.084,-4.242,3.962
15.08,-0.957,8.106,-4.217,3.948
15.09,-0.939,8.126,-4.192,3.938
15.1,-0.919,8.143,-4.167,3.933
15.11,-0.901,8.158,-4.142,3.933
15.12,-0.877,8.171,-4.118,3.936
15.13,-0.854,8.182,-4.094,3.944
15.14,-0.831,8.19,-4.07,3.956
15.15,-0.804,8.197,-4.045,3.971
15.16,-0.779,8.202,-4.022,3.99
15.17,-0.754,8.206,-3.998,4.011
15.18,-0.727,8.211,-3.973,4.031
15.19,-0.704,8.214,-3.949,4.053
15.2,-0.681,8.217,-3.924,4.075
15.21,-0.657,8.219,-3.899,4.098
15.22,-0.637,8.221,-3.874,4.121
15.23,-0.615,8.223,-3.848,4.146
15.24,-0.594,8.223,-3.823,4.171
15.25,-0.574,8.222,-3.798,4.198
15.26,-0.553,8.22,-3.773,4.228
15.27,-0.53,8.213,-3.749,4.266
15.28,-0.506,8.201,-3.726,4.312
15.29,-0.478,8.183,-3.705,4.366
15.3,-0.447,8.159,-3.684,4.432
15.31,-0.413,8.129,-3.663,4.507
15.32,-0.378,8.093,-3.646,4.589
15.33,-0.342,8.053,-3.627,4.675
15.34,-0.306,8.01,-3.609,4.766
15.35,-0.27,7.963,-3.592,4.857
15.36,-0.235,7.914,-3.576,4.951
15.37,-0.2,7.861,-3.56,5.047
15.38,-0.164,7.803,-3.546,5.147
15.39,-0.128,7.742,-3.531,5.25
15.4,-0.092,7.676,-3.518,5.355
15.41,-0.057,7.608,-3.504,5.461
15.42,-0.022,7.536,-3.491,5.568
15.43,0.011,7.463,-3.48,5.673
15.44,0.044,7.388,-3.469,5.776
15.45,0.075,7.313,-3.459,5.877
15.46,0.105,7.236,-3.449,5.977
15.47,0.134,7.159,-3.439,6.073
15.48,0.16,7.083,-3.431,6.166
15.49,0.185,7.009,-3.423,6.254
15.5,0.206,6.938,-3.416,6.336
15.51,0.226,6.869,-3.41,6.413
15.52,0.244,6.803,-3.404,6.485
15.53,0.259,6.74,-3.398,6.553
15.54,0.256,6.694,-3.406,6.596
15.55,0.251,6.673,-3.403,6.619
15.56,0.238,6.651,-3.406,6.64
15.57,0.217,6.627,-3.425,6.654
15.58,0.208,6.621,-3.419,6.664
15.59,0.186,6.616,-3.432,6.664
15.6,0.157,6.618,-3.45,6.653
15.61,0.134,6.639,-3.446,6.634
15.62,0.097,6.663,-3.464,6.602
15.63,0.057,6.7,-3.477,6.558
15.64,0.019,6.751,-3.477,6.505
15.65,-0.032,6.803,-3.496,6.44
15.66,-0.082,6.868,-3.503,6.367
15.67,-0.133,6.939,-3.507,6.286
15.68,-0.196,7.012,-3.524,6.193
15.69,-0.259,7.084,-3.54,6.099
15.7,-0.317,7.168,-3.54,5.998
15.71,-0.383,7.255,-3.544,5.886
15.72,-0.457,7.347,-3.553,5.759
15.73,-0.528,7.453,-3.546,5.62
15.74,-0.611,7.564,-3.546,5.461
15.75,-0.703,7.686,-3.542,5.279
15.76,-0.797,7.821,-3.525,5.075
15.77,-0.905,7.959,-3.512,4.846
15.78,-1.016,8.102,-3.489,4.596
15.79,-1.13,8.248,-3.458,4.327
15.8,-1.255,8.389,-3.427,4.035
15.81,-1.379,8.53,-3.382,3.726
15.82,-1.505,8.665,-3.332,3.395
15.83,-1.641,8.791,-3.277,3.044
15.84,-1.772,8.911,-3.207,2.673
15.85,-1.907,9.018,-3.133,2.282
15.86,-2.047,9.111,-3.048,1.871
15.87,-2.18,9.189,-2.951,1.443
15.88,-2.318,9.247,-2.848,0.999
15.89,-2.454,9.285,-2.732,0.543
15.9,-2.58,9.302,-2.608,0.076
15.91,-2.708,9.293,-2.478,-0.397
15.92,-2.829,9.261,-2.337,-0.873
15.93,-2.939,9.204,-2.193,-1.35
15.94,-3.049,9.121,-2.042,-1.823
15.95,-3.145,9.016,-1.885,-2.293
15.96,-3.235,8.885,-1.726,-2.755
15.97,-3.32,8.731,-1.561,-3.208
15.98,-3.391,8.555,-1.393,-3.654
15.99,-3.448,8.355,-1.21,-4.102
16,-3.506,8.126,-1.02,-4.541
16.01,-3.562,7.859,-0.844,-4.981
16.02,-3.571,7.59,-0.632,-5.406
16.03,-3.601,7.278,-0.435,-5.819
16.04,-3.62,6.936,-0.248,-6.222
16.05,-3.596,6.591,-0.037,-6.604
16.06,-3.596,6.212,0.153,-6.96
16.07,-3.577,5.819,0.334,-7.295
16.08,-3.525,5.425,0.527,-7.605
16.09,-3.496,5.01,0.699,-7.885
16.1,-3.438,4.595,0.862,-8.143
16.11,-3.361,4.188,1.028,-8.372
16.12,-3.309,3.77,1.17,-8.571
16.13,-3.226,3.36,1.304,-8.751
16.14,-3.139,2.958,1.438,-8.906
16.15,-3.067,2.548,1.553,-9.037
16.16,-2.966,2.147,1.663,-9.155
16.17,-2.872,1.746,1.772,-9.249
16.18,-2.782,1.339,1.867,-9.325
16.19,-2.67,0.937,1.959,-9.388
16.2,-2.57,0.535,2.049,-9.429
16.21,-2.468,0.136,2.125,-9.453
16.22,-2.348,-0.249,2.195,-9.465
16.23,-2.25,-0.619,2.259,-9.457
16.24,-2.147,-0.975,2.308,-9.439
16.25,-2.036,-1.316,2.353,-9.411
16.26,-1.938,-1.644,2.395,-9.37
16.27,-1.836,-1.954,2.423,-9.323
16.28,-1.734,-2.244,2.448,-9.271
16.29,-1.646,-2.52,2.467,-9.211
16.3,-1.549,-2.784,2.478,-9.148
16.31,-1.455,-3.037,2.49,-9.08
16.32,-1.369,-3.281,2.499,-9.005
16.33,-1.277,-3.516,2.5,-8.93
16.34,-1.191,-3.739,2.503,-8.85
16.35,-1.109,-3.949,2.501,-8.77
16.36,-1.023,-4.151,2.492,-8.689
16.37,-0.944,-4.341,2.486,-8.606
16.38,-0.866,-4.521,2.476,-8.525
16.39,-0.789,-4.686,2.461,-8.447
16.4,-0.72,-4.832,2.448,-8.374
16.41,-0.654,-4.957,2.431,-8.311
16.42,-0.592,-5.055,2.411,-8.263
16.43,-0.54,-5.124,2.392,-8.229
16.44,-0.492,-5.164,2.369,-8.214
16.45,-0.45,-5.178,2.346,-8.214
16.46,-0.414,-5.172,2.326,-8.225
16.47,-0.378,-5.15,2.303,-8.247
16.48,-0.346,-5.113,2.284,-8.277
16.49,-0.317,-5.059,2.267,-8.316
16.5,-0.289,-4.991,2.248,-8.363
16.51,-0.265,-4.908,2.235,-8.416
16.52,-0.242,-4.81,2.222,-8.477
16.53,-0.221,-4.696,2.211,-8.544
16.54,-0.204,-4.568,2.206,-8.614
16.55,-0.186,-4.433,2.201,-8.686
16.56,-0.169,-4.29,2.199,-8.759
16.57,-0.154,-4.141,2.202,-8.83
16.58,-0.139,-3.985,2.205,-8.901
16.59,-0.125,-3.824,2.212,-8.97
16.6,-0.113,-3.66,2.223,-9.035
16.61,-0.099,-3.496,2.235,-9.097
16.62,-0.087,-3.335,2.251,-9.154
16.63,-0.076,-3.18,2.271,-9.204
16.64,-0.062,-3.032,2.291,-9.249
16.65,-0.051,-2.892,2.315,-9.288
16.66,-0.038,-2.764,2.339,-9.321
16.67,-0.024,-2.646,2.366,-9.348
16.68,-0.012,-2.539,2.396,-9.37
16.69,0,-2.441,2.424,-9.389
16.7,0.013,-2.353,2.457,-9.403
16.71,0.024,-2.275,2.491,-9.413
16.72,0.036,-2.21,2.522,-9.42
16.73,0.051,-2.164,2.558,-9.421
16.74,0.066,-2.136,2.592,-9.418
16.75,0.085,-2.123,2.625,-9.412
16.76,0.105,-2.127,2.661,-9.4
16.77,0.128,-2.151,2.695,-9.385
16.78,0.156,-2.198,2.73,-9.363
16.79,0.187,-2.27,2.765,-9.336
16.8,0.224,-2.362,2.798,-9.302
16.81,0.263,-2.467,2.833,-9.263
16.82,0.303,-2.581,2.867,-9.22
16.83,0.346,-2.7,2.901,-9.174
16.84,0.389,-2.824,2.937,-9.123
16.85,0.432,-2.952,2.97,-9.07
16.86,0.476,-3.081,3.003,-9.014
16.87,0.521,-3.212,3.036,-8.954
16.88,0.567,-3.35,3.07,-8.889
16.89,0.615,-3.495,3.1,-8.819
16.9,0.667,-3.648,3.131,-8.742
16.91,0.72,-3.812,3.16,-8.657
16.92,0.777,-3.986,3.185,-8.564
16.93,0.832,-4.158,3.204,-8.469
16.94,0.885,-4.321,3.225,-8.375
16.95,0.941,-4.498,3.249,-8.265
16.96,0.998,-4.692,3.247,-8.151
16.97,1.065,-4.89,3.271,-8.015
16.98,1.129,-5.093,3.279,-7.875
16.99,1.194,-5.304,3.274,-7.727
17,1.267,-5.511,3.293,-7.561
17.01,1.335,-5.726,3.287,-7.39
17.02,1.408,-5.945,3.278,-7.205
17.03,1.491,-6.166,3.284,-6.997
17.04,1.57,-6.401,3.261,-6.776
17.05,1.661,-6.638,3.241,-6.531
17.06,1.762,-6.884,3.221,-6.254
17.07,1.862,-7.143,3.17,-5.953
17.08,1.979,-7.403,3.122,-5.614
17.09,2.098,-7.661,3.063,-5.244
17.1,2.214,-7.916,2.983,-4.85
17.11,2.342,-8.152,2.907,-4.426
17.12,2.464,-8.374,2.814,-3.984
17.13,2.579,-8.574,2.712,-3.53
17.14,2.7,-8.746,2.614,-3.06
17.15,2.808,-8.897,2.502,-2.586
17.16,2.912,-9.02,2.389,-2.107
17.17,3.016,-9.114,2.276,-1.624
17.18,3.106,-9.187,2.152,-1.14
17.19,3.197,-9.232,2.026,-0.651
17.2,3.288,-9.249,1.896,-0.157
17.21,3.363,-9.244,1.762,0.333
17.22,3.438,-9.211,1.627,0.819
17.23,3.509,-9.152,1.488,1.305
17.24,3.565,-9.069,1.345,1.793
17.25,3.626,-8.956,1.198,2.28
17.26,3.678,-8.816,1.045,2.766
17.27,3.718,-8.648,0.889,3.253
17.28,3.763,-8.448,0.73,3.731
17.29,3.792,-8.226,0.571,4.197
17.3,3.813,-7.98,0.412,4.648
17.31,3.833,-7.707,0.253,5.082
17.32,3.839,-7.415,0.096,5.5
17.33,3.84,-7.101,-0.06,5.9
17.34,3.837,-6.758,-0.222,6.288
17.35,3.82,-6.388,-0.386,6.666
17.36,3.797,-5.99,-0.553,7.026
17.37,3.766,-5.565,-0.723,7.369
17.38,3.721,-5.114,-0.894,7.693
17.39,3.672,-4.633,-1.068,7.993
17.4,3.609,-4.134,-1.241,8.266
17.41,3.536,-3.619,-1.41,8.508
17.42,3.458,-3.091,-1.576,8.717
17.43,3.368,-2.549,-1.737,8.895
17.44,3.267,-1.994,-1.896,9.041
17.45,3.16,-1.43,-2.049,9.152
17.46,3.04,-0.862,-2.194,9.23
17.47,2.916,-0.293,-2.331,9.272
17.48,2.785,0.271,-2.459,9.279
17.49,2.645,0.831,-2.577,9.255
17.5,2.502,1.384,-2.689,9.197
17.51,2.352,1.93,-2.789,9.107
17.52,2.197,2.467,-2.878,8.988
17.53,2.038,2.992,-2.959,8.839
17.54,1.873,3.505,-3.03,8.661
17.55,1.703,4.007,-3.093,8.454
17.56,1.532,4.492,-3.144,8.22
17.57,1.358,4.957,-3.185,7.964
17.58,1.184,5.4,-3.216,7.686
17.59,1.011,5.82,-3.235,7.391
17.6,0.837,6.218,-3.246,7.077
17.61,0.667,6.591,-3.25,6.748
17.62,0.5,6.938,-3.242,6.409
17.63,0.336,7.255,-3.226,6.069
17.64,0.184,7.539,-3.202,5.732
17.65,0.036,7.797,-3.17,5.398
17.66,-0.107,8.031,-3.133,5.065
17.67,-0.241,8.24,-3.091,4.741
17.68,-0.368,8.423,-3.042,4.433
17.69,-0.485,8.581,-2.991,4.144
17.7,-0.59,8.717,-2.937,3.876
17.71,-0.69,8.832,-2.883,3.631
17.72,-0.781,8.931,-2.83,3.408
17.73,-0.858,9.014,-2.775,3.21
17.74,-0.931,9.079,-2.724,3.044
17.75,-0.994,9.13,-2.675,2.914
17.76,-1.045,9.169,-2.629,2.813
17.77,-1.094,9.199,-2.586,2.735
17.78,-1.137,9.221,-2.547,2.677
17.79,-1.171,9.237,-2.509,2.644
17.8,-1.206,9.243,-2.478,2.637
17.81,-1.236,9.247,-2.448,2.638
17.82,-1.26,9.247,-2.418,2.654
17.83,-1.29,9.241,-2.394,2.682
17.84,-1.31,9.234,-2.369,2.719
17.85,-1.328,9.222,-2.347,2.768
17.86,-1.347,9.205,-2.331,2.828
17.87,-1.359,9.187,-2.314,2.894
17.88,-1.374,9.166,-2.3,2.966
17.89,-1.389,9.141,-2.289,3.044
17.9,-1.399,9.116,-2.277,3.123
17.91,-1.413,9.089,-2.268,3.2
17.92,-1.427,9.063,-2.259,3.273
17.93,-1.438,9.038,-2.249,3.343
17.94,-1.453,9.014,-2.244,3.404
17.95,-1.47,8.995,-2.232,3.453
17.96,-1.487,8.981,-2.221,3.49
17.97,-1.508,8.973,-2.21,3.508
17.98,-1.532,8.974,-2.191,3.508
17.99,-1.559,8.981,-2.172,3.49
18,-1.589,8.994,-2.151,3.456
18.01,-1.62,9.013,-2.123,3.408
18.02,-1.655,9.037,-2.092,3.346
18.03,-1.686,9.057,-2.069,3.292
18.04,-1.713,9.082,-2.043,3.225
18.05,-1.746,9.116,-2.007,3.131
18.06,-1.79,9.159,-1.966,3.004
18.07,-1.833,9.209,-1.919,2.853
18.08,-1.873,9.263,-1.866,2.682
18.09,-1.918,9.319,-1.81,2.485
18.1,-1.966,9.377,-1.745,2.269
18.11,-2.011,9.433,-1.677,2.034
18.12,-2.054,9.487,-1.608,1.785
18.13,-2.097,9.536,-1.53,1.52
18.14,-2.137,9.581,-1.45,1.235
18.15,-2.177,9.618,-1.365,0.931
18.16,-2.215,9.648,-1.274,0.612
18.17,-2.25,9.667,-1.182,0.279
18.18,-2.282,9.674,-1.086,-0.063
18.19,-2.31,9.67,-0.987,-0.413
18.2,-2.333,9.652,-0.889,-0.769
18.21,-2.353,9.62,-0.787,-1.132
18.22,-2.368,9.574,-0.684,-1.502
18.23,-2.379,9.511,-0.58,-1.878
18.24,-2.385,9.433,-0.474,-2.257
18.25,-2.387,9.337,-0.37,-2.64
18.26,-2.385,9.224,-0.265,-3.023
18.27,-2.377,9.095,-0.159,-3.405
18.28,-2.365,8.947,-0.057,-3.787
18.29,-2.349,8.782,0.044,-4.164
18.3,-2.326,8.601,0.144,-4.535
18.31,-2.298,8.405,0.24,-4.898
18.32,-2.268,8.195,0.334,-5.251
18.33,-2.232,7.973,0.422,-5.591
18.34,-2.194,7.74,0.505,-5.916
18.35,-2.153,7.499,0.584,-6.226
18.36,-2.107,7.252,0.656,-6.521
18.37,-2.059,7,0.723,-6.799
18.38,-2.008,6.746,0.784,-7.059
18.39,-1.955,6.492,0.838,-7.302
18.4,-1.9,6.239,0.887,-7.527
18.41,-1.845,5.99,0.93,-7.736
18.42,-1.789,5.744,0.965,-7.928
18.43,-1.733,5.502,0.996,-8.107
18.44,-1.675,5.261,1.024,-8.273
18.45,-1.618,5.025,1.046,-8.427
18.46,-1.561,4.796,1.065,-8.568
18.47,-1.505,4.573,1.082,-8.697
18.48,-1.449,4.354,1.094,-8.816
18.49,-1.395,4.143,1.103,-8.925
18.5,-1.342,3.936,1.113,-9.025
18.51,-1.288,3.731,1.12,-9.119
18.52,-1.239,3.531,1.123,-9.204
18.53,-1.191,3.342,1.123,-9.281
18.54,-1.142,3.147,1.126,-9.355
18.55,-1.094,2.949,1.132,-9.424
18.56,-1.046,2.748,1.139,-9.489
18.57,-0.999,2.544,1.144,-9.55
18.58,-0.955,2.345,1.151,-9.605
18.59,-0.91,2.148,1.156,-9.654
18.6,-0.868,1.945,1.163,-9.7
18.61,-0.825,1.74,1.173,-9.742
18.62,-0.781,1.534,1.182,-9.779
18.63,-0.742,1.326,1.195,-9.811
18.64,-0.7,1.123,1.207,-9.838
18.65,-0.656,0.916,1.219,-9.861
18.66,-0.617,0.7,1.232,-9.879
18.67,-0.57,0.476,1.249,-9.893
18.68,-0.526,0.244,1.265,-9.902
18.69,-0.481,0.009,1.285,-9.905
18.7,-0.432,-0.23,1.304,-9.902
18.71,-0.388,-0.473,1.323,-9.893
18.72,-0.339,-0.715,1.346,-9.877
18.73,-0.288,-0.953,1.366,-9.855
18.74,-0.241,-1.192,1.385,-9.828
18.75,-0.188,-1.431,1.407,-9.794
18.76,-0.135,-1.675,1.426,-9.753
18.77,-0.083,-1.922,1.446,-9.705
18.78,-0.022,-2.174,1.47,-9.649
18.79,0.036,-2.431,1.49,-9.584
18.8,0.095,-2.698,1.51,-9.509
18.81,0.161,-2.968,1.529,-9.424
18.82,0.227,-3.238,1.549,-9.33
18.83,0.297,-3.505,1.569,-9.228
18.84,0.366,-3.764,1.584,-9.12
18.85,0.433,-4.017,1.599,-9.006
18.86,0.509,-4.265,1.615,-8.884
18.87,0.582,-4.503,1.629,-8.759
18.88,0.653,-4.729,1.643,-8.631
18.89,0.731,-4.944,1.657,-8.5
18.9,0.804,-5.147,1.667,-8.37
18.91,0.878,-5.334,1.679,-8.243
18.92,0.955,-5.503,1.692,-8.119
18.93,1.025,-5.657,1.704,-8.002
18.94,1.097,-5.792,1.718,-7.892
18.95,1.168,-5.914,1.735,-7.787
18.96,1.234,-6.024,1.751,-7.688
18.97,1.303,-6.121,1.768,-7.595
18.98,1.37,-6.207,1.787,-7.509
18.99,1.432,-6.276,1.805,-7.435
19,1.494,-6.331,1.826,-7.371
19.01,1.549,-6.376,1.85,-7.315
19.02,1.601,-6.411,1.875,-7.266
19.03,1.653,-6.439,1.902,-7.223
19.04,1.699,-6.465,1.93,-7.181
19.05,1.745,-6.491,1.959,-7.139
19.06,1.789,-6.514,1.988,-7.099
19.07,1.828,-6.532,2.019,-7.064
19.08,1.866,-6.54,2.05,-7.038
19.09,1.897,-6.536,2.084,-7.023
19.1,1.921,-6.522,2.122,-7.018
19.11,1.941,-6.496,2.161,-7.024
19.12,1.952,-6.457,2.205,-7.044
19.13,1.955,-6.405,2.254,-7.075
19.14,1.952,-6.339,2.305,-7.118
19.15,1.939,-6.261,2.36,-7.173
19.16,1.918,-6.166,2.42,-7.24
19.17,1.891,-6.057,2.481,-7.319
19.18,1.852,-5.931,2.546,-7.409
19.19,1.812,-5.803,2.611,-7.497
19.2,1.764,-5.657,2.68,-7.595
19.21,1.706,-5.496,2.75,-7.701
19.22,1.637,-5.317,2.825,-7.814
19.23,1.558,-5.119,2.902,-7.933
19.24,1.468,-4.904,2.977,-8.057
19.25,1.37,-4.676,3.053,-8.181
19.26,1.265,-4.441,3.127,-8.3
19.27,1.153,-4.2,3.195,-8.414
19.28,1.036,-3.951,3.262,-8.524
19.29,0.91,-3.693,3.325,-8.629
19.3,0.778,-3.427,3.381,-8.729
19.31,0.646,-3.162,3.428,-8.821
19.32,0.508,-2.895,3.47,-8.905
19.33,0.366,-2.625,3.506,-8.981
19.34,0.219,-2.348,3.534,-9.051
19.35,0.064,-2.062,3.556,-9.115
19.36,-0.099,-1.759,3.569,-9.173
19.37,-0.269,-1.448,3.57,-9.223
19.38,-0.437,-1.142,3.563,-9.263
19.39,-0.606,-0.838,3.544,-9.293
19.4,-0.774,-0.537,3.516,-9.313
19.41,-0.944,-0.228,3.477,-9.325
19.42,-1.117,0.082,3.43,-9.326
19.43,-1.282,0.385,3.374,-9.317
19.44,-1.442,0.689,3.305,-9.301
19.45,-1.605,1.007,3.226,-9.273
19.46,-1.764,1.332,3.138,-9.233
19.47,-1.917,1.649,3.041,-9.184
19.48,-2.052,1.95,2.947,-9.126
19.49,-2.182,2.246,2.841,-9.061
19.5,-2.315,2.553,2.721,-8.984
19.51,-2.435,2.861,2.601,-8.894
19.52,-2.55,3.163,2.471,-8.796
19.53,-2.65,3.475,2.345,-8.682
19.54,-2.74,3.807,2.228,-8.545
19.55,-2.81,4.133,2.116,-8.398
19.56,-2.891,4.437,1.967,-8.25
19.57,-2.928,4.567,1.883,-8.186
19.58,-2.939,4.627,1.809,-8.165
19.59,-2.932,4.683,1.762,-8.146
19.6,-2.915,4.712,1.75,-8.138
19.61,-2.905,4.748,1.686,-8.134
19.62,-2.909,4.808,1.602,-8.114
19.63,-2.924,4.95,1.498,-8.043
19.64,-2.933,5.116,1.385,-7.955
19.65,-2.975,5.242,1.262,-7.878
19.66,-2.99,5.336,1.159,-7.824
19.67,-3.002,5.452,1.07,-7.752
19.68,-3.005,5.553,0.984,-7.691
19.69,-3.01,5.646,0.888,-7.633
19.7,-3.001,5.721,0.818,-7.588
19.71,-2.984,5.751,0.764,-7.578
19.72,-2.984,5.765,0.7,-7.574
19.73,-2.95,5.793,0.668,-7.568
19.74,-2.924,5.778,0.643,-7.592
19.75,-2.9,5.676,0.644,-7.678
19.76,-2.846,5.552,0.679,-7.785
19.77,-2.797,5.419,0.713,-7.892
19.78,-2.757,5.301,0.71,-7.986
19.79,-2.69,5.304,0.725,-8.006
19.8,-2.67,5.657,0.627,-7.775
19.81,-2.655,6.052,0.514,-7.486
19.82,-2.631,6.517,0.427,-7.1
19.83,-2.611,7.086,0.328,-6.546
19.84,-2.584,7.663,0.235,-5.877
19.85,-2.581,8.211,0.107,-5.088
19.86,-2.581,8.701,-0.037,-4.197
19.87,-2.57,9.106,-0.184,-3.23
19.88,-2.568,9.394,-0.346,-2.239
19.89,-2.562,9.574,-0.504,-1.226
19.9,-2.547,9.644,-0.666,-0.202
19.91,-2.537,9.601,-0.841,0.811
19.92,-2.523,9.452,-1.012,1.807
19.93,-2.504,9.196,-1.193,2.779
19.94,-2.485,8.842,-1.378,3.705
19.95,-2.445,8.418,-1.558,4.551
19.96,-2.389,7.906,-1.753,5.357
19.97,-2.323,7.354,-1.94,6.061
19.98,-2.264,6.806,-2.106,6.64
19.99,-2.188,6.257,-2.269,7.134
20,-2.102,5.668,-2.421,7.588
20.01,-1.947,5.122,-2.588,7.953
20.02,-1.701,5.219,-2.62,7.936
20.03,-1.419,5.364,-2.63,7.892
20.04,-1.315,5.459,-2.605,7.853
20.05,-1.233,5.302,-2.607,7.972
20.06,-1.123,4.954,-2.644,8.197
20.07,-0.893,4.286,-2.727,8.566
20.08,-0.596,3.332,-2.855,8.965
20.09,-0.269,2.215,-2.961,9.287
20.1,0.068,1.061,-3.005,9.478
20.11,0.412,-0.089,-3.013,9.525
20.12,0.747,-1.219,-2.974,9.439
20.13,1.068,-2.314,-2.884,9.229
20.14,1.383,-3.358,-2.751,8.901
20.15,1.664,-4.33,-2.591,8.471
20.16,1.911,-5.212,-2.415,7.958
20.17,2.127,-5.979,-2.225,7.399
20.18,2.326,-6.638,-2.011,6.817
20.19,2.498,-7.179,-1.803,6.241
20.2,2.607,-7.504,-1.658,5.842
20.21,2.694,-7.795,-1.528,5.443
20.22,2.786,-8.06,-1.39,5.032
20.23,2.847,-8.261,-1.28,4.69
20.24,2.906,-8.43,-1.186,4.367
20.25,2.962,-8.55,-1.11,4.107
20.26,3.023,-8.616,-1.061,3.934
20.27,3.067,-8.604,-1.083,3.92
20.28,3.115,-8.491,-1.176,4.1
20.29,3.123,-8.236,-1.372,4.53
20.3,3.086,-7.784,-1.677,5.202
20.31,2.96,-7.092,-2.059,6.057
20.32,2.743,-6.208,-2.463,6.918
20.33,2.483,-5.192,-2.88,7.653
20.34,2.174,-4.108,-3.242,8.238
20.35,1.803,-2.994,-3.548,8.671
20.36,1.408,-1.849,-3.815,8.946
20.37,0.99,-0.675,-4.021,9.077
20.38,0.535,0.479,-4.159,9.065
20.39,0.057,1.609,-4.239,8.912
20.4,-0.422,2.695,-4.267,8.622
20.41,-0.908,3.714,-4.221,8.219
20.42,-1.382,4.651,-4.123,7.71
20.43,-1.836,5.495,-3.968,7.118
20.44,-2.269,6.262,-3.763,6.439
20.45,-2.637,6.872,-3.574,5.748
20.46,-2.672,7.036,-3.298,5.697
20.47,-2.676,6.993,-3.256,5.772
20.48,-2.667,7.068,-3.146,5.745