1.743,0.369
1.74,0.369
1.736,0.37
1.729,0.371
1.721,0.372
1.712,0.373
1.704,0.374
1.696,0.375
1.688,0.375
1.68,0.376
1.672,0.377
1.664,0.378
1.656,0.379
1.648,0.38
1.641,0.381
1.633,0.382
1.625,0.383
1.618,0.384
1.61,0.385
1.603,0.385
1.595,0.386
1.588,0.387
1.581,0.388
1.574,0.389
1.566,0.389
1.559,0.39
1.552,0.391
1.545,0.392
1.539,0.392
1.532,0.393
1.525,0.394
1.518,0.395
1.511,0.395
1.505,0.396
1.498,0.397
1.492,0.398
1.485,0.398
1.479,0.399
1.472,0.4
1.466,0.401
1.46,0.401
1.453,0.402
1.447,0.403
1.441,0.404
1.435,0.404
1.429,0.405
1.423,0.406
1.417,0.407
1.411,0.407
1.405,0.408
1.399,0.409
1.393,0.409
1.388,0.41
1.382,0.41
1.376,0.411
1.37,0.411
1.365,0.412
1.359,0.412
1.354,0.413
1.348,0.413
1.343,0.414
1.337,0.414
1.332,0.415
1.326,0.415
1.321,0.416
1.316,0.416
1.311,0.417
1.305,0.417
1.3,0.418
1.295,0.418
1.29,0.419
1.285,0.419
1.28,0.42
1.275,0.42
1.27,0.421
1.265,0.421
1.26,0.422
1.255,0.422
1.25,0.423
1.245,0.423
1.241,0.424
1.236,0.424
1.231,0.425
1.226,0.426
1.221,0.426
1.217,0.427
1.212,0.427
1.208,0.428
1.203,0.428
1.198,0.429
1.194,0.429
1.189,0.429
1.185,0.429
1.18,0.43
1.176,0.43
1.172,0.43
1.167,0.43
1.163,0.43
1.159,0.431
1.154,0.431
1.15,0.431
1.146,0.432
1.142,0.432
1.138,0.432
1.133,0.432
1.129,0.433
1.125,0.433
1.121,0.433
1.117,0.433
1.113,0.434
1.109,0.434
1.105,0.434
1.101,0.434
1.097,0.434
1.093,0.434
1.089,0.433
1.085,0.433
1.081,0.433
1.077,0.432
1.074,0.432
1.07,0.432
1.066,0.431
1.062,0.431
1.059,0.431
1.055,0.43
1.051,0.43
1.047,0.429
1.044,0.428
1.04,0.427
1.037,0.425
1.033,0.424
1.03,0.423
1.026,0.422
1.023,0.421
1.019,0.419
1.016,0.418
1.013,0.417
1.009,0.416
1.006,0.415
1.002,0.414
0.999,0.413
0.996,0.412
0.993,0.412
0.989,0.411
0.986,0.411
0.983,0.41
0.98,0.41
0.976,0.409
0.973,0.409
0.97,0.408
0.967,0.408
0.964,0.407
0.961,0.407
0.958,0.406
0.954,0.406
0.951,0.405
0.948,0.405
0.945,0.405
0.942,0.405
0.939,0.404
0.936,0.404
0.933,0.404
0.93,0.404
0.927,0.403
0.924,0.403
0.921,0.403
0.918,0.403
0.916,0.403
0.913,0.402
0.91,0.402
0.907,0.402
0.904,0.402
0.901,0.402
0.898,0.401
0.895,0.4
0.893,0.4
0.89,0.399
0.887,0.398
0.884,0.398
0.882,0.397
0.879,0.397
0.876,0.396
0.873,0.396
0.871,0.395
0.868,0.395
0.865,0.394
0.863,0.394
0.86,0.393
0.857,0.393
0.855,0.392
0.852,0.392
0.849,0.392
0.847,0.391
0.844,0.391
0.841,0.39
0.839,0.39
0.836,0.39
0.834,0.389
0.831,0.389
0.829,0.389
0.826,0.389
0.824,0.388
0.821,0.388
0.819,0.388
0.816,0.387
0.814,0.387
0.811,0.387
0.809,0.387
0.806,0.386
0.804,0.386
0.801,0.386
0.799,0.386
0.796,0.386
0.794,0.385
0.791,0.385
0.789,0.385
0.787,0.385
0.784,0.385
0.782,0.384
0.779,0.384
0.777,0.384
0.775,0.384
0.772,0.384
0.77,0.384
0.768,0.383
0.765,0.383
0.763,0.383
0.761,0.383
0.758,0.383
0.756,0.383
0.754,0.383
0.752,0.382
0.749,0.382
0.747,0.382
0.744,0.382
0.742,0.382
0.74,0.382
0.738,0.382
0.735,0.382
0.733,0.382
0.731,0.381
0.729,0.381
0.726,0.381
0.724,0.381
0.722,0.381
0.72,0.381
0.718,0.381
0.715,0.381
0.713,0.381
0.711,0.381
0.709,0.381
0.706,0.381
0.704,0.38
0.702,0.38
0.7,0.38
0.698,0.38
0.696,0.38
0.693,0.38
0.691,0.38
0.689,0.38
0.687,0.38
0.685,0.38
0.683,0.38
0.681,0.38
0.678,0.38
0.676,0.38
0.674,0.38
0.672,0.38
0.67,0.38
0.668,0.38
0.666,0.38
0.664,0.38
0.662,0.38
0.659,0.38
0.657,0.38
0.655,0.379
0.653,0.379
0.651,0.379
0.649,0.379
0.647,0.379
0.645,0.379
0.643,0.379
0.641,0.379
0.639,0.379
0.637,0.379
0.635,0.379
0.633,0.379
0.631,0.379
0.629,0.379
0.627,0.379
0.625,0.379
0.623,0.379
0.621,0.379
0.619,0.379
0.617,0.379
0.615,0.379
0.613,0.379
0.611,0.379
0.609,0.379
0.607,0.38
0.605,0.38
0.603,0.38
0.601,0.38
0.599,0.38
0.597,0.38
0.595,0.38
0.593,0.38
0.591,0.38
0.589,0.38
0.587,0.38
0.585,0.38
0.583,0.38
0.581,0.38
0.579,0.38
0.578,0.38
0.576,0.38
0.574,0.38
0.572,0.38
0.57,0.38
0.568,0.38
0.566,0.38
0.565,0.38
0.563,0.38
0.561,0.38
0.559,0.38
0.557,0.38
0.555,0.381
0.553,0.381
0.551,0.381
0.549,0.381
0.547,0.381
0.546,0.381
0.544,0.381
0.542,0.381
0.54,0.381
0.538,0.381
0.536,0.381
0.535,0.381
0.533,0.381
0.531,0.381
0.529,0.381
0.527,0.381
0.525,0.382
0.524,0.382
0.522,0.382
0.52,0.382
0.518,0.382
0.517,0.382
0.515,0.382
0.513,0.382
0.511,0.382
0.509,0.382
0.507,0.382
0.505,0.382
0.504,0.383
0.502,0.383
0.5,0.383
0.498,0.383
0.497,0.383
0.495,0.383
0.493,0.383
0.491,0.383
0.489,0.383
0.488,0.383
0.486,0.383
0.484,0.384
0.482,0.384
0.481,0.384
0.479,0.384
0.477,0.384
0.476,0.384
0.474,0.384
0.472,0.384
0.471,0.384
0.469,0.384
0.467,0.385
0.465,0.385
0.464,0.385
0.462,0.385
0.46,0.385
0.459,0.385
0.457,0.385
0.455,0.385
0.453,0.386
0.452,0.386
0.45,0.386
0.448,0.386
0.446,0.386
0.444,0.386
0.443,0.386
0.441,0.386
0.439,0.387
0.438,0.387
0.436,0.387
0.435,0.387
0.433,0.387
0.432,0.387
0.43,0.387
0.428,0.387
0.426,0.388
0.424,0.388
0.423,0.388
0.421,0.388
0.419,0.388
0.418,0.388
0.416,0.388
0.415,0.389
0.413,0.389
0.411,0.389
0.41,0.389
0.408,0.389
0.407,0.389
0.405,0.389
0.403,0.39
0.402,0.39
0.4,0.39
0.398,0.39
0.397,0.39
0.395,0.39
0.393,0.391
0.392,0.391
0.39,0.391
0.389,0.391
0.387,0.391
0.385,0.391
0.384,0.392
0.382,0.392
0.38,0.392
0.379,0.392
0.377,0.392
0.375,0.392
0.374,0.393
0.372,0.393
0.371,0.393
0.369,0.393
0.368,0.393
0.366,0.393
0.364,0.394
0.363,0.394
0.361,0.394
0.36,0.394
0.358,0.394
0.357,0.395
0.355,0.395
0.354,0.395
0.352,0.395
0.35,0.395
0.349,0.395
0.347,0.396
0.346,0.396
0.344,0.396
0.343,0.396
0.341,0.396
0.34,0.397
0.338,0.397
0.337,0.397
0.335,0.397
0.334,0.397
0.333,0.398
0.331,0.398
0.329,0.398
0.328,0.398
0.326,0.398
0.325,0.399
0.323,0.399
0.322,0.399
0.32,0.399
0.319,0.4
0.317,0.4
0.316,0.4
0.314,0.4
0.313,0.4
0.311,0.401
0.31,0.401
0.308,0.401
0.307,0.401
0.305,0.402
0.304,0.402
0.303,0.402
0.301,0.402
0.3,0.402
0.298,0.403
0.297,0.403
0.295,0.403
0.294,0.403
0.292,0.404
0.291,0.404
0.289,0.404
0.288,0.404
0.286,0.405
0.285,0.405
0.284,0.405
0.282,0.405
0.281,0.406
0.28,0.406
0.278,0.406
0.277,0.406
0.276,0.407
0.274,0.407
0.273,0.407
0.272,0.407
0.27,0.408
0.269,0.408
0.268,0.408
0.266,0.408
0.265,0.409
0.264,0.409
0.262,0.409
0.261,0.409
0.259,0.41
0.258,0.41
0.256,0.41
0.255,0.41
0.254,0.411
0.253,0.411
0.251,0.411
0.25,0.412
0.248,0.412
0.247,0.412
0.246,0.412
0.245,0.413
0.243,0.413
0.242,0.413
0.241,0.414
0.24,0.414
0.238,0.414
0.237,0.414
0.236,0.415
0.235,0.415
0.234,0.415
0.233,0.415
0.232,0.416
0.23,0.416
0.229,0.416
0.228,0.417
0.227,0.417
0.225,0.417
0.224,0.417
0.223,0.418
0.222,0.418
0.221,0.418
0.22,0.419
0.219,0.419
0.218,0.419
0.217,0.419
0.216,0.42
0.214,0.42
0.213,0.42
0.212,0.42
0.211,0.421
0.21,0.421
0.208,0.421
0.207,0.422
0.206,0.422
0.205,0.422
0.204,0.423
0.203,0.423
0.202,0.423
0.201,0.424
0.199,0.424
0.198,0.424
0.197,0.425
0.196,0.425
0.195,0.425
0.194,0.425
0.194,0.426
0.192,0.426
0.192,0.426
0.191,0.427
0.19,0.427
0.189,0.427
0.188,0.427
0.187,0.428
0.186,0.428
0.185,0.428
0.185,0.428
0.184,0.429
0.184,0.429
0.183,0.429
0.182,0.429
0.181,0.43
0.18,0.43
0.179,0.43
0.178,0.431
0.177,0.431
0.177,0.431
0.176,0.431
0.175,0.432
0.174,0.432
0.174,0.432
0.173,0.432
0.172,0.433
0.171,0.433
0.17,0.433
0.17,0.433
0.169,0.434
0.169,0.434
0.168,0.434
0.167,0.434
0.167,0.435
0.166,0.435
0.166,0.435
0.165,0.435
0.164,0.436
0.164,0.436
0.164,0.436
0.163,0.436
0.163,0.436
0.162,0.436
0.161,0.437
0.161,0.437
0.16,0.437
0.16,0.437
0.16,0.437
0.16,0.437
0.159,0.437
0.159,0.437
0.159,0.438
0.158,0.438
0.157,0.438
0.157,0.438
0.156,0.438
0.156,0.439
0.156,0.439
0.156,0.439
0.156,0.439
0.156,0.439
0.156,0.439
0.156,0.439
0.155,0.439
0.155,0.439
0.155,0.439
0.154,0.439
0.154,0.44
0.154,0.44
0.154,0.44
