ts,id,T,P
-0.745,BARO0,44.22,98654
-0.735,BARO0,44.22,98669
-0.725,BARO0,44.22,98670
-0.715,BARO0,44.23,98663
-0.705,BARO0,44.23,98653
-0.695,BARO0,44.22,98671
-0.685,BARO0,44.22,98661
-0.675,BARO0,44.22,98652
-0.665,BARO0,44.23,98648
-0.655,BARO0,44.22,98654
-0.645,BARO0,44.23,98667
-0.635,BARO0,44.23,98646
-0.625,BARO0,44.23,98668
-0.615,BARO0,44.23,98653
-0.605,BARO0,44.22,98645
-0.595,BARO0,44.23,98648
-0.585,BARO0,44.21,98643
-0.575,BARO0,44.22,98655
-0.565,BARO0,44.22,98655
-0.555,BARO0,44.23,98654
-0.545,BARO0,44.22,98666
-0.535,BARO0,44.22,98660
-0.525,BARO0,44.22,98659
-0.515,BARO0,44.23,98662
-0.505,BARO0,44.22,98659
-0.495,BARO0,44.22,98667
-0.485,BARO0,44.22,98664
-0.475,BARO0,44.24,98658
-0.465,BARO0,44.23,98661
-0.455,BARO0,44.23,98654
-0.445,BARO0,44.22,98661
-0.435,BARO0,44.23,98653
-0.425,BARO0,44.23,98656
-0.415,BARO0,44.22,98648
-0.405,BARO0,44.2,98647
-0.395,BARO0,44.22,98670
-0.385,BARO0,44.24,98649
-0.375,BARO0,44.22,98671
-0.365,BARO0,44.22,98660
-0.355,BARO0,44.22,98662
-0.345,BARO0,44.22,98647
-0.335,BARO0,44.23,98678
-0.325,BARO0,44.22,98670
-0.315,BARO0,44.22,98674
-0.305,BARO0,44.23,98664
-0.295,BARO0,44.22,98654
-0.285,BARO0,44.22,98634
-0.275,BARO0,44.21,98654
-0.265,BARO0,44.23,98670
-0.255,BARO0,44.23,98661
-0.245,BARO0,44.21,98648
-0.235,BARO0,44.22,98644
-0.225,BARO0,44.23,98660
-0.215,BARO0,44.21,98655
-0.205,BARO0,44.23,98656
-0.195,BARO0,44.23,98654
-0.185,BARO0,44.23,98659
-0.175,BARO0,44.22,98652
-0.165,BARO0,44.22,98691
-0.155,BARO0,44.23,98670
-0.145,BARO0,44.22,98675
-0.135,BARO0,44.22,98664
-0.125,BARO0,44.22,98655
-0.115,BARO0,44.22,98658
-0.105,BARO0,44.23,98649
-0.095,BARO0,44.22,98647
-0.085,BARO0,44.23,98669
-0.075,BARO0,44.22,98652
-0.065,BARO0,44.21,98650
-0.055,BARO0,44.23,98650
-0.045,BARO0,44.23,98635
-0.035,BARO0,44.22,98657
-0.025,BARO0,44.22,98645
-0.015,BARO0,44.22,98646
-0.005,BARO0,44.21,98647
0.005,BARO0,44.23,98652
0.015,BARO0,44.23,98653
0.025,BARO0,44.24,98663
0.035,BARO0,44.23,98651
0.045,BARO0,44.22,98644
0.055,BARO0,44.22,98637
0.065,BARO0,44.22,98640
0.075,BARO0,44.22,98621
0.085,BARO0,44.22,98630
0.095,BARO0,44.23,98641
0.105,BARO0,44.22,98641
0.115,BARO0,44.23,98626
0.125,BARO0,44.24,98661
0.135,BARO0,44.23,98622
0.145,BARO0,44.23,98611
0.155,BARO0,44.22,98630
0.165,BARO0,44.22,98639
0.175,BARO0,44.22,98649
0.185,BARO0,44.22,98625
0.195,BARO0,44.22,98631
0.205,BARO0,44.24,98620
0.215,BARO0,44.23,98598
0.225,BARO0,44.25,98630
0.235,BARO0,44.22,98604
0.245,BARO0,44.24,98614
0.255,BARO0,44.22,98615
0.265,BARO0,44.22,98602
0.275,BARO0,44.22,98612
0.285,BARO0,44.23,98617
0.295,BARO0,44.23,98619
0.305,BARO0,44.21,98605
0.315,BARO0,44.23,98605
0.365,BARO0,44.22,98584
0.375,BARO0,44.22,98589
0.385,BARO0,44.23,98552
0.395,BARO0,44.21,98579
0.405,BARO0,44.23,98597
0.415,BARO0,44.22,98578
0.425,BARO0,44.23,98564
0.435,BARO0,44.23,98574
0.445,BARO0,44.22,98564
0.455,BARO0,44.23,98564
0.465,BARO0,44.23,98592
0.475,BARO0,44.23,98555
0.485,BARO0,44.24,98564
0.495,BARO0,44.21,98549
0.505,BARO0,44.23,98579
0.515,BARO0,44.22,98545
0.525,BARO0,44.23,98558
0.535,BARO0,44.22,98554
0.545,BARO0,44.23,98548
0.555,BARO0,44.23,98551
0.565,BARO0,44.22,98550
0.575,BARO0,44.23,98541
0.585,BARO0,44.23,98541
0.595,BARO0,44.22,98541
0.605,BARO0,44.23,98548
0.615,BARO0,44.21,98525
0.625,BARO0,44.23,98528
0.635,BARO0,44.22,98528
0.645,BARO0,44.23,98527
0.655,BARO0,44.23,98521
0.665,BARO0,44.22,98518
0.675,BARO0,44.23,98494
0.685,BARO0,44.23,98501
0.695,BARO0,44.22,98498
0.705,BARO0,44.22,98507
0.715,BARO0,44.23,98515
0.725,BARO0,44.22,98498
0.735,BARO0,44.23,98494
0.745,BARO0,44.23,98499
0.755,BARO0,44.23,98496
0.765,BARO0,44.23,98491
0.775,BARO0,44.21,98477
0.785,BARO0,44.24,98490
0.795,BARO0,44.23,98484
0.805,BARO0,44.24,98480
0.815,BARO0,44.21,98471
0.825,BARO0,44.23,98465
0.835,BARO0,44.23,98461
0.845,BARO0,44.23,98462
0.855,BARO0,44.22,98453
0.865,BARO0,44.23,98449
0.875,BARO0,44.23,98453
0.885,BARO0,44.24,98435
0.895,BARO0,44.2,98450
0.905,BARO0,44.22,98430
0.915,BARO0,44.24,98443
0.925,BARO0,44.23,98439
0.935,BARO0,44.24,98430
0.945,BARO0,44.23,98424
0.955,BARO0,44.23,98422
0.965,BARO0,44.23,98403
0.975,BARO0,44.24,98418
0.985,BARO0,44.22,98403
0.995,BARO0,44.23,98392
1.005,BARO0,44.24,98407
1.015,BARO0,44.23,98389
1.025,BARO0,44.23,98384
1.035,BARO0,44.24,98392
1.045,BARO0,44.22,98366
1.055,BARO0,44.23,98376
1.065,BARO0,44.23,98384
1.075,BARO0,44.21,98354
1.085,BARO0,44.22,98363
1.095,BARO0,44.23,98351
1.105,BARO0,44.22,98359
1.115,BARO0,44.23,98343
1.125,BARO0,44.23,98355
1.135,BARO0,44.22,98324
1.145,BARO0,44.22,98331
1.155,BARO0,44.23,98327
1.165,BARO0,44.22,98313
1.175,BARO0,44.25,98321
1.185,BARO0,44.23,98315
1.195,BARO0,44.23,98298
1.205,BARO0,44.23,98304
1.215,BARO0,44.23,98303
1.225,BARO0,44.22,98276
1.235,BARO0,44.22,98300
1.245,BARO0,44.23,98303
1.255,BARO0,44.23,98285
1.265,BARO0,44.23,98290
1.275,BARO0,44.24,98304
1.285,BARO0,44.22,98265
1.295,BARO0,44.23,98280
1.305,BARO0,44.22,98255
1.315,BARO0,44.23,98265
1.325,BARO0,44.23,98258
1.335,BARO0,44.22,98242
1.345,BARO0,44.22,98233
1.355,BARO0,44.22,98240
1.365,BARO0,44.22,98234
1.375,BARO0,44.21,98227
1.385,BARO0,44.22,98223
1.395,BARO0,44.21,98180
1.405,BARO0,44.23,98208
1.415,BARO0,44.23,98183
1.425,BARO0,44.23,98185
1.435,BARO0,44.22,98169
1.445,BARO0,44.22,98174
1.455,BARO0,44.22,98146
1.465,BARO0,44.22,98140
1.475,BARO0,44.24,98132
1.485,BARO0,44.22,98124
1.495,BARO0,44.22,98108
1.505,BARO0,44.23,98087
1.515,BARO0,44.23,98075
1.525,BARO0,44.23,98047
1.535,BARO0,44.24,98045
1.545,BARO0,44.23,98034
1.555,BARO0,44.22,98012
1.565,BARO0,44.23,98004
1.575,BARO0,44.22,97997
1.585,BARO0,44.22,97971
1.595,BARO0,44.23,97984
1.605,BARO0,44.23,97976
1.615,BARO0,44.23,97951
1.625,BARO0,44.23,97958
1.635,BARO0,44.23,97942
1.645,BARO0,44.23,97942
1.655,BARO0,44.23,97930
1.665,BARO0,44.22,97927
1.675,BARO0,44.23,97924
1.685,BARO0,44.23,97920
1.695,BARO0,44.22,97910
1.705,BARO0,44.23,97899
1.715,BARO0,44.22,97895
1.725,BARO0,44.23,97890
1.735,BARO0,44.23,97893
1.745,BARO0,44.24,97886
1.755,BARO0,44.22,97878
1.765,BARO0,44.22,97882
1.775,BARO0,44.22,97871
1.785,BARO0,44.24,97886
1.795,BARO0,44.21,97880
1.805,BARO0,44.23,97875
1.815,BARO0,44.23,97869
1.825,BARO0,44.22,97854
1.835,BARO0,44.23,97857
1.845,BARO0,44.23,97851
1.855,BARO0,44.23,97856
1.865,BARO0,44.22,97831
1.875,BARO0,44.21,97855
1.885,BARO0,44.22,97865
1.895,BARO0,44.24,97870
1.905,BARO0,44.22,97858
1.915,BARO0,44.23,97842
1.925,BARO0,44.22,97836
1.935,BARO0,44.23,97815
1.945,BARO0,44.23,97808
1.955,BARO0,44.23,97811
1.965,BARO0,44.23,97827
1.975,BARO0,44.22,97818
1.985,BARO0,44.23,97830
1.995,BARO0,44.23,97809
2.005,BARO0,44.23,97816
2.015,BARO0,44.22,97796
2.025,BARO0,44.21,97795
2.035,BARO0,44.22,97780
2.045,BARO0,44.22,97782
2.055,BARO0,44.23,97778
2.065,BARO0,44.23,97770
2.075,BARO0,44.23,97791
2.085,BARO0,44.23,97776
2.095,BARO0,44.22,97771
2.105,BARO0,44.22,97750
2.115,BARO0,44.25,97746
2.125,BARO0,44.24,97747
2.135,BARO0,44.22,97748
2.145,BARO0,44.23,97749
2.155,BARO0,44.22,97733
2.165,BARO0,44.23,97725
2.175,BARO0,44.22,97719
2.185,BARO0,44.23,97726
2.195,BARO0,44.22,97728
2.205,BARO0,44.23,97702
2.215,BARO0,44.23,97689
2.225,BARO0,44.22,97695
2.235,BARO0,44.23,97679
2.245,BARO0,44.23,97668
2.255,BARO0,44.22,97675
2.265,BARO0,44.23,97667
2.275,BARO0,44.21,97650
2.285,BARO0,44.23,97661
2.295,BARO0,44.22,97638
2.305,BARO0,44.22,97640
2.315,BARO0,44.24,97653
2.325,BARO0,44.22,97615
2.335,BARO0,44.24,97614
2.345,BARO0,44.23,97607
2.355,BARO0,44.23,97592
2.365,BARO0,44.23,97569
2.375,BARO0,44.23,97577
2.385,BARO0,44.23,97583
2.395,BARO0,44.22,97568
2.405,BARO0,44.24,97563
2.415,BARO0,44.23,97552
2.425,BARO0,44.22,97559
2.435,BARO0,44.23,97538
2.445,BARO0,44.23,97535
2.455,BARO0,44.22,97528
2.465,BARO0,44.23,97506
2.475,BARO0,44.22,97505
2.485,BARO0,44.23,97516
2.495,BARO0,44.24,97484
2.505,BARO0,44.22,97476
2.515,BARO0,44.24,97471
2.525,BARO0,44.23,97451
2.535,BARO0,44.23,97453
2.545,BARO0,44.23,97462
2.555,BARO0,44.23,97443
2.565,BARO0,44.24,97434
2.575,BARO0,44.23,97412
2.585,BARO0,44.23,97432
2.595,BARO0,44.23,97403
2.605,BARO0,44.23,97397
2.615,BARO0,44.23,97395
2.625,BARO0,44.22,97392
2.635,BARO0,44.23,97376
2.645,BARO0,44.23,97368
2.655,BARO0,44.23,97368
2.665,BARO0,44.24,97355
2.675,BARO0,44.22,97343
2.685,BARO0,44.22,97324
2.695,BARO0,44.22,97331
2.705,BARO0,44.23,97327
2.715,BARO0,44.23,97310
2.725,BARO0,44.23,97311
2.735,BARO0,44.23,97313
2.745,BARO0,44.23,97288
2.755,BARO0,44.23,97273
2.765,BARO0,44.23,97282
2.775,BARO0,44.25,97264
2.785,BARO0,44.22,97260
2.795,BARO0,44.22,97268
2.805,BARO0,44.25,97222
2.815,BARO0,44.24,97243
2.825,BARO0,44.23,97247
2.835,BARO0,44.23,97216
2.845,BARO0,44.23,97200
2.855,BARO0,44.23,97196
2.865,BARO0,44.23,97199
2.875,BARO0,44.21,97172
2.885,BARO0,44.24,97188
2.895,BARO0,44.24,97146
2.905,BARO0,44.24,97167
2.915,BARO0,44.23,97180
2.925,BARO0,44.22,97141
2.935,BARO0,44.25,97150
2.945,BARO0,44.23,97126
2.955,BARO0,44.23,97116
2.965,BARO0,44.23,97126
2.975,BARO0,44.23,97094
2.985,BARO0,44.23,97085
2.995,BARO0,44.24,97087
3.005,BARO0,44.25,97083
3.015,BARO0,44.22,97067
3.025,BARO0,44.25,97074
3.035,BARO0,44.22,97049
3.045,BARO0,44.24,97038
3.055,BARO0,44.23,97028
3.065,BARO0,44.22,97007
3.075,BARO0,44.22,97025
3.085,BARO0,44.23,97019
3.095,BARO0,44.24,96997
3.105,BARO0,44.24,96989
3.115,BARO0,44.23,96988
3.125,BARO0,44.23,96972
3.135,BARO0,44.25,96970
3.145,BARO0,44.24,96971
3.155,BARO0,44.24,96942
3.165,BARO0,44.22,96950
3.175,BARO0,44.23,96936
3.185,BARO0,44.24,96935
3.195,BARO0,44.25,96919
3.205,BARO0,44.23,96923
3.215,BARO0,44.23,96894
3.225,BARO0,44.23,96887
3.235,BARO0,44.24,96887
3.245,BARO0,44.23,96888
3.255,BARO0,44.23,96879
3.265,BARO0,44.23,96859
3.275,BARO0,44.23,96834
3.285,BARO0,44.24,96836
3.295,BARO0,44.24,96834
3.305,BARO0,44.23,96821
3.315,BARO0,44.23,96815
3.325,BARO0,44.24,96818
3.335,BARO0,44.24,96804
3.345,BARO0,44.23,96794
3.355,BARO0,44.23,96789
3.365,BARO0,44.23,96791
3.375,BARO0,44.25,96782
3.385,BARO0,44.23,96756
3.395,BARO0,44.23,96758
3.405,BARO0,44.25,96771
3.415,BARO0,44.23,96719
3.425,BARO0,44.25,96729
3.435,BARO0,44.23,96723
3.445,BARO0,44.23,96715
3.455,BARO0,44.23,96701
3.465,BARO0,44.24,96700
3.475,BARO0,44.25,96717
3.485,BARO0,44.24,96702
3.495,BARO0,44.23,96679
3.505,BARO0,44.24,96661
3.515,BARO0,44.23,96659
3.525,BARO0,44.22,96675
3.535,BARO0,44.22,96631
3.545,BARO0,44.23,96629
3.555,BARO0,44.24,96630
3.565,BARO0,44.24,96621
3.575,BARO0,44.24,96639
3.585,BARO0,44.23,96619
3.595,BARO0,44.22,96611
3.605,BARO0,44.24,96584
3.615,BARO0,44.24,96577
3.625,BARO0,44.25,96588
3.635,BARO0,44.23,96563
3.645,BARO0,44.24,96563
3.655,BARO0,44.23,96553
3.665,BARO0,44.23,96526
3.675,BARO0,44.24,96542
3.685,BARO0,44.23,96532
3.695,BARO0,44.24,96531
3.705,BARO0,44.24,96521
3.715,BARO0,44.24,96506
3.725,BARO0,44.23,96496
3.735,BARO0,44.23,96490
3.745,BARO0,44.24,96475
3.755,BARO0,44.24,96483
3.765,BARO0,44.23,96475
3.775,BARO0,44.24,96465
3.785,BARO0,44.24,96469
3.795,BARO0,44.24,96456
3.805,BARO0,44.23,96458
3.815,BARO0,44.24,96423
3.825,BARO0,44.22,96423
3.835,BARO0,44.24,96426
3.845,BARO0,44.24,96413
3.855,BARO0,44.24,96417
3.865,BARO0,44.24,96392
3.875,BARO0,44.24,96399
3.885,BARO0,44.23,96378
3.895,BARO0,44.24,96379
3.905,BARO0,44.23,96355
3.915,BARO0,44.23,96354
3.925,BARO0,44.24,96359
3.935,BARO0,44.25,96348
3.945,BARO0,44.24,96340
3.955,BARO0,44.24,96337
3.965,BARO0,44.25,96340
3.975,BARO0,44.23,96325
3.985,BARO0,44.25,96320
3.995,BARO0,44.25,96324
4.005,BARO0,44.23,96297
4.015,BARO0,44.25,96298
4.025,BARO0,44.25,96294
4.035,BARO0,44.25,96288
4.045,BARO0,44.24,96278
4.055,BARO0,44.23,96267
4.065,BARO0,44.25,96263
4.075,BARO0,44.24,96261
4.085,BARO0,44.23,96243
4.095,BARO0,44.25,96265
4.105,BARO0,44.24,96247
4.115,BARO0,44.26,96263
4.125,BARO0,44.23,96231
4.135,BARO0,44.25,96229
4.145,BARO0,44.24,96222
4.155,BARO0,44.25,96219
4.165,BARO0,44.24,96201
4.175,BARO0,44.25,96219
4.185,BARO0,44.26,96204
4.195,BARO0,44.23,96171
4.205,BARO0,44.26,96187
4.215,BARO0,44.24,96178
4.225,BARO0,44.25,96167
4.235,BARO0,44.25,96163
4.245,BARO0,44.25,96162
4.255,BARO0,44.24,96149
4.265,BARO0,44.25,96143
4.275,BARO0,44.24,96138
4.285,BARO0,44.26,96131
4.295,BARO0,44.25,96118
4.305,BARO0,44.24,96134
4.315,BARO0,44.25,96116
4.325,BARO0,44.24,96110
4.335,BARO0,44.25,96098
4.345,BARO0,44.24,96097
4.355,BARO0,44.24,96087
4.365,BARO0,44.24,96100
4.375,BARO0,44.26,96099
4.385,BARO0,44.26,96065
4.395,BARO0,44.26,96063
4.405,BARO0,44.23,96071
4.415,BARO0,44.26,96057
4.425,BARO0,44.25,96049
4.435,BARO0,44.25,96047
4.445,BARO0,44.25,96034
4.455,BARO0,44.25,96021
4.465,BARO0,44.26,96019
4.475,BARO0,44.24,96009
4.485,BARO0,44.24,96006
4.495,BARO0,44.23,95985
4.505,BARO0,44.26,96000
4.515,BARO0,44.25,95988
4.525,BARO0,44.25,95960
4.535,BARO0,44.25,95970
4.545,BARO0,44.24,95961
4.555,BARO0,44.24,95962
4.565,BARO0,44.24,95954
4.575,BARO0,44.26,95950
4.585,BARO0,44.27,95946
4.595,BARO0,44.26,95928
4.605,BARO0,44.24,95944
4.615,BARO0,44.25,95905
4.625,BARO0,44.25,95906
4.635,BARO0,44.25,95919
4.645,BARO0,44.25,95924
4.655,BARO0,44.25,95901
4.665,BARO0,44.25,95883
4.675,BARO0,44.26,95885
4.685,BARO0,44.26,95888
4.695,BARO0,44.25,95885
4.705,BARO0,44.25,95874
4.715,BARO0,44.26,95870
4.725,BARO0,44.26,95860
4.735,BARO0,44.24,95856
4.745,BARO0,44.25,95844
4.755,BARO0,44.25,95828
4.765,BARO0,44.26,95834
4.775,BARO0,44.27,95808
4.785,BARO0,44.25,95835
4.795,BARO0,44.26,95805
4.805,BARO0,44.26,95800
4.815,BARO0,44.26,95780
4.825,BARO0,44.26,95784
4.835,BARO0,44.24,95789
4.845,BARO0,44.25,95770
4.855,BARO0,44.25,95773
4.865,BARO0,44.25,95765
4.875,BARO0,44.26,95750
4.885,BARO0,44.25,95768
4.895,BARO0,44.26,95752
4.905,BARO0,44.26,95754
4.915,BARO0,44.26,95751
4.925,BARO0,44.25,95758
4.935,BARO0,44.26,95719
4.945,BARO0,44.25,95717
4.955,BARO0,44.25,95712
4.965,BARO0,44.25,95717
4.975,BARO0,44.26,95722
4.985,BARO0,44.26,95699
4.995,BARO0,44.27,95703
5.005,BARO0,44.26,95690
5.015,BARO0,44.27,95682
5.025,BARO0,44.26,95684
5.035,BARO0,44.25,95675
5.045,BARO0,44.25,95666
5.055,BARO0,44.25,95663
5.065,BARO0,44.26,95666
5.075,BARO0,44.26,95642
5.085,BARO0,44.25,95629
5.095,BARO0,44.26,95648
5.105,BARO0,44.26,95664
5.115,BARO0,44.24,95643
5.125,BARO0,44.26,95630
5.135,BARO0,44.25,95610
5.145,BARO0,44.25,95605
5.155,BARO0,44.26,95610
5.165,BARO0,44.26,95605
5.175,BARO0,44.26,95576
5.185,BARO0,44.25,95597
5.195,BARO0,44.27,95586
5.205,BARO0,44.26,95579
5.215,BARO0,44.26,95598
5.225,BARO0,44.26,95560
5.235,BARO0,44.26,95557
5.245,BARO0,44.25,95557
5.255,BARO0,44.25,95553
5.265,BARO0,44.26,95545
5.275,BARO0,44.28,95542
5.285,BARO0,44.26,95535
5.295,BARO0,44.25,95514
5.305,BARO0,44.26,95516
5.315,BARO0,44.26,95516
5.325,BARO0,44.25,95514
5.335,BARO0,44.25,95499
5.345,BARO0,44.26,95509
5.355,BARO0,44.25,95489
5.365,BARO0,44.25,95494
5.375,BARO0,44.26,95482
5.385,BARO0,44.27,95483
5.395,BARO0,44.27,95474
5.405,BARO0,44.26,95472
5.415,BARO0,44.27,95451
5.425,BARO0,44.25,95453
5.435,BARO0,44.26,95448
5.445,BARO0,44.25,95443
5.455,BARO0,44.26,95450
5.465,BARO0,44.25,95433
5.475,BARO0,44.26,95422
5.485,BARO0,44.25,95415
5.495,BARO0,44.25,95414
5.505,BARO0,44.28,95409
5.515,BARO0,44.24,95404
5.525,BARO0,44.27,95419
5.535,BARO0,44.25,95383
5.545,BARO0,44.25,95390
5.555,BARO0,44.25,95375
5.565,BARO0,44.26,95372
5.575,BARO0,44.27,95370
5.585,BARO0,44.26,95393
5.595,BARO0,44.25,95371
5.605,BARO0,44.26,95349
5.615,BARO0,44.25,95344
5.625,BARO0,44.25,95353
5.635,BARO0,44.27,95348
5.645,BARO0,44.26,95344
5.655,BARO0,44.25,95335
5.665,BARO0,44.26,95329
5.675,BARO0,44.26,95323
5.685,BARO0,44.26,95316
5.695,BARO0,44.26,95297
5.705,BARO0,44.25,95300
5.715,BARO0,44.27,95304
5.725,BARO0,44.26,95309
5.735,BARO0,44.26,95295
5.745,BARO0,44.26,95279
5.755,BARO0,44.26,95279
5.765,BARO0,44.27,95280
5.775,BARO0,44.27,95281
5.785,BARO0,44.25,95258
5.795,BARO0,44.26,95253
5.805,BARO0,44.26,95266
5.815,BARO0,44.26,95254
5.825,BARO0,44.26,95248
5.835,BARO0,44.25,95258
5.845,BARO0,44.25,95251
5.855,BARO0,44.27,95239
5.865,BARO0,44.26,95236
5.875,BARO0,44.25,95233
5.885,BARO0,44.26,95223
5.895,BARO0,44.26,95247
5.905,BARO0,44.28,95215
5.915,BARO0,44.26,95214
5.925,BARO0,44.26,95222
5.935,BARO0,44.26,95207
5.945,BARO0,44.25,95208
5.955,BARO0,44.26,95207
5.965,BARO0,44.26,95190
5.975,BARO0,44.26,95197
5.985,BARO0,44.24,95199
5.995,BARO0,44.26,95176
6.005,BARO0,44.26,95181
6.015,BARO0,44.27,95199
6.025,BARO0,44.27,95176
6.035,BARO0,44.26,95163
6.045,BARO0,44.27,95165
6.055,BARO0,44.27,95164
6.065,BARO0,44.26,95127
6.075,BARO0,44.28,95160
6.085,BARO0,44.26,95139
6.095,BARO0,44.28,95158
6.105,BARO0,44.25,95121
6.115,BARO0,44.26,95133
6.125,BARO0,44.26,95110
6.135,BARO0,44.26,95127
6.145,BARO0,44.26,95114
6.155,BARO0,44.26,95108
6.165,BARO0,44.25,95099
6.175,BARO0,44.26,95087
6.185,BARO0,44.27,95089
6.195,BARO0,44.27,95075
6.205,BARO0,44.28,95076
6.215,BARO0,44.26,95105
6.225,BARO0,44.27,95097
6.235,BARO0,44.27,95079
6.245,BARO0,44.27,95071
6.255,BARO0,44.27,95051
6.265,BARO0,44.26,95066
6.275,BARO0,44.26,95068
6.285,BARO0,44.26,95051
6.295,BARO0,44.26,95065
6.305,BARO0,44.27,95047
6.315,BARO0,44.27,95048
6.325,BARO0,44.28,95044
6.335,BARO0,44.26,95025
6.345,BARO0,44.26,95016
6.355,BARO0,44.27,95027
6.365,BARO0,44.26,95017
6.375,BARO0,44.28,95017
6.385,BARO0,44.27,94992
6.395,BARO0,44.26,95006
6.405,BARO0,44.26,95007
6.415,BARO0,44.27,94990
6.425,BARO0,44.27,94987
6.435,BARO0,44.26,94980
6.445,BARO0,44.26,94979
6.455,BARO0,44.26,94978
6.465,BARO0,44.27,94977
6.475,BARO0,44.27,94974
6.485,BARO0,44.26,94970
6.495,BARO0,44.28,94974
6.505,BARO0,44.26,94956
6.515,BARO0,44.27,94953
6.525,BARO0,44.27,94954
6.535,BARO0,44.27,94958
6.545,BARO0,44.26,94957
6.555,BARO0,44.26,94945
6.565,BARO0,44.26,94956
6.575,BARO0,44.28,94946
6.585,BARO0,44.28,94944
6.595,BARO0,44.28,94930
6.605,BARO0,44.27,94904
6.615,BARO0,44.28,94926
6.625,BARO0,44.28,94936
6.635,BARO0,44.28,94918
6.645,BARO0,44.27,94902
6.655,BARO0,44.26,94914
6.665,BARO0,44.26,94901
6.675,BARO0,44.26,94907
6.685,BARO0,44.27,94893
6.695,BARO0,44.27,94916
6.705,BARO0,44.26,94867
6.715,BARO0,44.28,94886
6.725,BARO0,44.27,94882
6.735,BARO0,44.27,94876
6.745,BARO0,44.27,94868
6.755,BARO0,44.27,94880
6.765,BARO0,44.26,94871
6.775,BARO0,44.27,94860
6.785,BARO0,44.29,94865
6.795,BARO0,44.27,94868
6.805,BARO0,44.27,94854
6.815,BARO0,44.27,94855
6.825,BARO0,44.26,94845
6.835,BARO0,44.27,94846
6.845,BARO0,44.26,94838
6.855,BARO0,44.27,94832
6.865,BARO0,44.26,94835
6.875,BARO0,44.27,94820
6.885,BARO0,44.28,94814
6.895,BARO0,44.27,94817
6.905,BARO0,44.29,94814
6.915,BARO0,44.26,94821
6.925,BARO0,44.27,94808
6.935,BARO0,44.27,94805
6.945,BARO0,44.28,94811
6.955,BARO0,44.26,94801
6.965,BARO0,44.27,94783
6.975,BARO0,44.27,94775
6.985,BARO0,44.28,94778
6.995,BARO0,44.27,94794
7.005,BARO0,44.27,94765
7.015,BARO0,44.28,94769
7.025,BARO0,44.27,94796
7.035,BARO0,44.27,94780
7.045,BARO0,44.27,94767
7.055,BARO0,44.27,94762
7.065,BARO0,44.26,94739
7.075,BARO0,44.27,94754
7.085,BARO0,44.28,94753
7.095,BARO0,44.27,94749
7.105,BARO0,44.26,94733
7.115,BARO0,44.27,94727
7.125,BARO0,44.29,94747
7.135,BARO0,44.27,94743
7.145,BARO0,44.27,94733
7.155,BARO0,44.26,94720
7.165,BARO0,44.26,94722
7.175,BARO0,44.26,94720
7.185,BARO0,44.27,94710
7.195,BARO0,44.27,94694
7.205,BARO0,44.26,94697
7.215,BARO0,44.27,94709
7.225,BARO0,44.27,94696
7.235,BARO0,44.28,94695
7.245,BARO0,44.28,94685
7.255,BARO0,44.27,94687
7.265,BARO0,44.27,94681
7.275,BARO0,44.27,94674
7.285,BARO0,44.29,94688
7.295,BARO0,44.26,94677
7.305,BARO0,44.25,94647
7.315,BARO0,44.27,94682
7.325,BARO0,44.27,94663
7.335,BARO0,44.29,94671
7.345,BARO0,44.26,94666
7.355,BARO0,44.27,94655
7.365,BARO0,44.27,94660
7.375,BARO0,44.25,94633
7.385,BARO0,44.27,94649
7.395,BARO0,44.28,94655
7.405,BARO0,44.28,94625
7.415,BARO0,44.26,94640
7.425,BARO0,44.28,94618
7.435,BARO0,44.28,94637
7.445,BARO0,44.26,94620
7.455,BARO0,44.26,94630
7.465,BARO0,44.28,94617
7.475,BARO0,44.28,94614
7.485,BARO0,44.27,94618
7.495,BARO0,44.27,94607
7.505,BARO0,44.28,94623
7.515,BARO0,44.27,94603
7.525,BARO0,44.29,94604
7.535,BARO0,44.27,94600
7.545,BARO0,44.26,94590
7.555,BARO0,44.27,94592
7.565,BARO0,44.27,94585
7.575,BARO0,44.27,94576
7.585,BARO0,44.28,94573
7.595,BARO0,44.28,94577
7.605,BARO0,44.26,94566
7.615,BARO0,44.27,94608
7.625,BARO0,44.28,94564
7.635,BARO0,44.28,94571
7.645,BARO0,44.27,94567
7.655,BARO0,44.27,94562
7.665,BARO0,44.27,94562
7.675,BARO0,44.27,94562
7.685,BARO0,44.28,94582
7.695,BARO0,44.28,94563
7.705,BARO0,44.27,94560
7.715,BARO0,44.27,94556
7.725,BARO0,44.28,94540
7.735,BARO0,44.28,94551
7.745,BARO0,44.28,94542
7.755,BARO0,44.28,94550
7.765,BARO0,44.28,94541
7.775,BARO0,44.29,94536
7.785,BARO0,44.26,94530
7.795,BARO0,44.28,94543
7.805,BARO0,44.28,94516
7.815,BARO0,44.28,94522
7.825,BARO0,44.28,94528
7.835,BARO0,44.27,94532
7.845,BARO0,44.28,94531
7.855,BARO0,44.27,94521
7.865,BARO0,44.28,94526
7.875,BARO0,44.28,94504
7.885,BARO0,44.28,94541
7.895,BARO0,44.27,94516
7.905,BARO0,44.28,94494
7.915,BARO0,44.27,94509
7.925,BARO0,44.29,94504
7.935,BARO0,44.27,94507
7.945,BARO0,44.28,94515
7.955,BARO0,44.27,94505
7.965,BARO0,44.28,94503
7.975,BARO0,44.29,94500
7.985,BARO0,44.27,94481
7.995,BARO0,44.28,94495
8.005,BARO0,44.27,94486
8.015,BARO0,44.27,94479
8.025,BARO0,44.27,94485
8.035,BARO0,44.29,94489
8.045,BARO0,44.28,94486
8.055,BARO0,44.27,94474
8.065,BARO0,44.28,94477
8.075,BARO0,44.27,94481
8.085,BARO0,44.27,94463
8.095,BARO0,44.27,94471
8.105,BARO0,44.26,94455
8.115,BARO0,44.28,94490
8.125,BARO0,44.28,94462
8.135,BARO0,44.29,94466
8.145,BARO0,44.26,94459
8.155,BARO0,44.28,94450
8.165,BARO0,44.28,94461
8.175,BARO0,44.28,94450
8.185,BARO0,44.28,94451
8.195,BARO0,44.29,94460
8.205,BARO0,44.28,94466
8.215,BARO0,44.29,94478
8.225,BARO0,44.28,94432
8.235,BARO0,44.28,94435
8.245,BARO0,44.28,94439
8.255,BARO0,44.29,94437
8.265,BARO0,44.27,94443
8.275,BARO0,44.27,94426
8.285,BARO0,44.3,94426
8.295,BARO0,44.28,94431
8.305,BARO0,44.29,94419
8.315,BARO0,44.27,94427
8.325,BARO0,44.27,94431
8.335,BARO0,44.29,94433
8.345,BARO0,44.28,94410
8.355,BARO0,44.29,94415
8.365,BARO0,44.28,94410
8.375,BARO0,44.28,94423
8.385,BARO0,44.28,94407
8.395,BARO0,44.28,94423
8.405,BARO0,44.27,94391
8.415,BARO0,44.29,94414
8.425,BARO0,44.28,94428
8.435,BARO0,44.28,94412
8.445,BARO0,44.28,94400
8.455,BARO0,44.28,94397
8.465,BARO0,44.28,94394
8.475,BARO0,44.29,94388
8.485,BARO0,44.27,94416
8.495,BARO0,44.29,94416
8.505,BARO0,44.28,94388
8.515,BARO0,44.28,94382
8.525,BARO0,44.29,94403
8.535,BARO0,44.29,94377
8.545,BARO0,44.28,94382
8.555,BARO0,44.29,94382
8.565,BARO0,44.28,94376
8.575,BARO0,44.28,94382
8.585,BARO0,44.28,94362
8.595,BARO0,44.29,94374
8.605,BARO0,44.28,94359
8.615,BARO0,44.29,94379
8.625,BARO0,44.28,94390
8.635,BARO0,44.29,94362
8.645,BARO0,44.28,94367
8.655,BARO0,44.28,94367
8.665,BARO0,44.29,94362
8.675,BARO0,44.28,94364
8.685,BARO0,44.29,94365
8.695,BARO0,44.28,94365
8.705,BARO0,44.28,94368
8.715,BARO0,44.27,94370
8.725,BARO0,44.28,94360
8.735,BARO0,44.28,94358
8.745,BARO0,44.29,94345
8.755,BARO0,44.28,94341
8.765,BARO0,44.29,94326
8.775,BARO0,44.29,94346
8.785,BARO0,44.28,94341
8.795,BARO0,44.28,94343
8.805,BARO0,44.29,94338
8.815,BARO0,44.29,94338
8.825,BARO0,44.28,94328
8.835,BARO0,44.28,94346
8.845,BARO0,44.29,94338
8.855,BARO0,44.28,94330
8.865,BARO0,44.28,94344
8.875,BARO0,44.3,94327
8.885,BARO0,44.28,94332
8.895,BARO0,44.31,94318
8.905,BARO0,44.28,94311
8.915,BARO0,44.29,94349
8.925,BARO0,44.29,94336
8.935,BARO0,44.28,94324
8.945,BARO0,44.28,94320
8.955,BARO0,44.29,94311
8.965,BARO0,44.28,94306
8.975,BARO0,44.29,94335
8.985,BARO0,44.26,94326
8.995,BARO0,44.29,94327
9.005,BARO0,44.29,94314
9.015,BARO0,44.3,94324
9.025,BARO0,44.28,94316
9.035,BARO0,44.27,94323
9.045,BARO0,44.29,94306
9.055,BARO0,44.29,94315
9.065,BARO0,44.28,94317
9.075,BARO0,44.28,94334
9.085,BARO0,44.27,94299
9.095,BARO0,44.3,94302
9.105,BARO0,44.27,94315
9.115,BARO0,44.29,94299
9.125,BARO0,44.29,94299
9.135,BARO0,44.28,94308
9.145,BARO0,44.28,94300
9.155,BARO0,44.28,94304
9.165,BARO0,44.28,94307
9.175,BARO0,44.29,94302
9.185,BARO0,44.29,94277
9.195,BARO0,44.29,94312
9.205,BARO0,44.29,94276
9.215,BARO0,44.29,94286
9.225,BARO0,44.29,94289
9.235,BARO0,44.28,94296
9.245,BARO0,44.29,94299
9.255,BARO0,44.29,94292
9.265,BARO0,44.29,94278
9.275,BARO0,44.29,94292
9.285,BARO0,44.28,94295
9.295,BARO0,44.29,94306
9.305,BARO0,44.31,94302
9.315,BARO0,44.29,94277
9.325,BARO0,44.3,94271
9.335,BARO0,44.28,94282
9.345,BARO0,44.29,94289
9.355,BARO0,44.29,94281
9.365,BARO0,44.29,94275
9.375,BARO0,44.29,94290
9.385,BARO0,44.27,94278
9.395,BARO0,44.29,94269
9.405,BARO0,44.29,94272
9.415,BARO0,44.29,94291
9.425,BARO0,44.29,94276
9.435,BARO0,44.29,94281
9.445,BARO0,44.3,94283
9.455,BARO0,44.28,94268
9.465,BARO0,44.29,94266
9.475,BARO0,44.29,94268
9.485,BARO0,44.28,94272
9.495,BARO0,44.28,94272
9.505,BARO0,44.28,94281
9.515,BARO0,44.29,94280
9.525,BARO0,44.29,94277
9.535,BARO0,44.29,94279
9.545,BARO0,44.29,94281
9.555,BARO0,44.29,94275
9.565,BARO0,44.3,94277
9.575,BARO0,44.27,94279
9.585,BARO0,44.29,94260
9.595,BARO0,44.28,94259
9.605,BARO0,44.27,94279
9.615,BARO0,44.29,94274
9.625,BARO0,44.28,94253
9.635,BARO0,44.29,94268
9.645,BARO0,44.28,94259
9.655,BARO0,44.28,94262
9.665,BARO0,44.29,94279
9.675,BARO0,44.29,94275
9.685,BARO0,44.29,94271
9.695,BARO0,44.3,94286
9.705,BARO0,44.29,94267
9.715,BARO0,44.3,94258
9.725,BARO0,44.27,94242
9.735,BARO0,44.28,94263
9.745,BARO0,44.29,94255
9.755,BARO0,44.3,94272
9.765,BARO0,44.3,94264
9.775,BARO0,44.28,94243
9.785,BARO0,44.28,94251
9.795,BARO0,44.29,94261
9.805,BARO0,44.3,94268
9.815,BARO0,44.28,94248
9.825,BARO0,44.29,94250
9.835,BARO0,44.28,94260
9.845,BARO0,44.29,94271
9.855,BARO0,44.28,94266
9.865,BARO0,44.29,94264
9.875,BARO0,44.3,94230
9.885,BARO0,44.3,94265
9.895,BARO0,44.31,94261
9.905,BARO0,44.29,94255
9.915,BARO0,44.29,94255
9.925,BARO0,44.31,94245
9.935,BARO0,44.29,94258
9.945,BARO0,44.3,94271
9.955,BARO0,44.28,94253
9.965,BARO0,44.29,94257
9.975,BARO0,44.29,94276
9.985,BARO0,44.29,94249
9.995,BARO0,44.31,94247
10.005,BARO0,44.29,94260
10.015,BARO0,44.3,94273
10.025,BARO0,44.29,94247
10.035,BARO0,44.29,94255
10.045,BARO0,44.29,94259
10.055,BARO0,44.3,94257
10.065,BARO0,44.29,94259
10.075,BARO0,44.29,94255
10.085,BARO0,44.31,94249
10.095,BARO0,44.3,94259
10.105,BARO0,44.29,94262
10.115,BARO0,44.3,94238
10.125,BARO0,44.29,94257
10.135,BARO0,44.28,94244
10.145,BARO0,44.29,94249
10.155,BARO0,44.3,94258
10.165,BARO0,44.31,94243
10.175,BARO0,44.3,94245
10.185,BARO0,44.29,94240
10.195,BARO0,44.28,94253
10.205,BARO0,44.29,94251
10.215,BARO0,44.29,94255
10.225,BARO0,44.3,94252
10.235,BARO0,44.28,94254
10.245,BARO0,44.3,94248
10.255,BARO0,44.3,94257
10.265,BARO0,44.3,94258
10.275,BARO0,44.3,94241
10.285,BARO0,44.29,94262
10.295,BARO0,44.29,94283
10.305,BARO0,44.31,94273
10.315,BARO0,44.29,94222
10.325,BARO0,44.29,94259
10.335,BARO0,44.29,94253
10.345,BARO0,44.29,94267
10.355,BARO0,44.3,94258
10.365,BARO0,44.29,94249
10.375,BARO0,44.3,94258
10.385,BARO0,44.3,94263
10.395,BARO0,44.29,94249
10.405,BARO0,44.28,94255
10.415,BARO0,44.3,94242
10.425,BARO0,44.29,94252
10.435,BARO0,44.29,94256
10.445,BARO0,44.29,94248
10.455,BARO0,44.3,94259
10.465,BARO0,44.3,94263
10.475,BARO0,44.31,94248
10.485,BARO0,44.28,94262
10.495,BARO0,44.31,94242
10.505,BARO0,44.28,94266
10.515,BARO0,44.28,94261
10.525,BARO0,44.3,94263
10.535,BARO0,44.3,94264
10.545,BARO0,44.3,94265
10.555,BARO0,44.3,94251
10.565,BARO0,44.3,94260
10.575,BARO0,44.3,94277
10.585,BARO0,44.29,94260
10.595,BARO0,44.3,94257
10.605,BARO0,44.29,94277
10.615,BARO0,44.29,94260
10.625,BARO0,44.29,94263
10.635,BARO0,44.3,94270
10.645,BARO0,44.29,94265
10.655,BARO0,44.29,94257
10.665,BARO0,44.3,94270
10.675,BARO0,44.3,94275
10.685,BARO0,44.31,94271
10.695,BARO0,44.3,94261
10.705,BARO0,44.3,94264
10.715,BARO0,44.28,94271
10.725,BARO0,44.3,94258
10.735,BARO0,44.3,94269
10.745,BARO0,44.3,94272
10.755,BARO0,44.3,94276
10.765,BARO0,44.3,94264
10.775,BARO0,44.3,94281
10.785,BARO0,44.28,94261
10.795,BARO0,44.29,94259
10.805,BARO0,44.31,94262
10.815,BARO0,44.3,94276
10.825,BARO0,44.32,94285
10.835,BARO0,44.29,94274
10.845,BARO0,44.31,94277
10.855,BARO0,44.3,94282
10.865,BARO0,44.31,94273
10.875,BARO0,44.29,94269
10.885,BARO0,44.31,94275
10.895,BARO0,44.31,94285
10.905,BARO0,44.31,94320
10.915,BARO0,44.31,94296
10.925,BARO0,44.3,94286
10.935,BARO0,44.3,94298
10.945,BARO0,44.31,94289
10.955,BARO0,44.31,94295
10.965,BARO0,44.31,94282
10.975,BARO0,44.3,94281
10.985,BARO0,44.3,94301
10.995,BARO0,44.3,94297
11.005,BARO0,44.32,94301
11.015,BARO0,44.3,94285
11.025,BARO0,44.3,94287
11.035,BARO0,44.31,94293
11.045,BARO0,44.3,94296
11.055,BARO0,44.31,94304
11.065,BARO0,44.3,94297
11.075,BARO0,44.32,94292
11.085,BARO0,44.32,94317
11.095,BARO0,44.31,94314
11.105,BARO0,44.31,94321
11.115,BARO0,44.33,94290
11.125,BARO0,44.32,94329
11.135,BARO0,44.31,94300
11.145,BARO0,44.31,94310
11.155,BARO0,44.31,94303
11.165,BARO0,44.32,94319
11.175,BARO0,44.32,94306
11.185,BARO0,44.32,94313
11.195,BARO0,44.31,94292
11.205,BARO0,44.31,94303
11.215,BARO0,44.32,94318
11.225,BARO0,44.33,94299
11.235,BARO0,44.32,94319
11.245,BARO0,44.33,94331
11.255,BARO0,44.33,94314
11.265,BARO0,44.32,94328
11.275,BARO0,44.35,94313
11.285,BARO0,44.33,94317
11.295,BARO0,44.33,94321
11.305,BARO0,44.33,94318
11.315,BARO0,44.33,94324
11.325,BARO0,44.34,94324
11.335,BARO0,44.34,94343
11.345,BARO0,44.33,94329
11.355,BARO0,44.34,94329
11.365,BARO0,44.36,94361
11.375,BARO0,44.33,94345
11.385,BARO0,44.35,94339
11.395,BARO0,44.34,94366
11.405,BARO0,44.34,94332
11.415,BARO0,44.35,94344
11.425,BARO0,44.34,94341
11.435,BARO0,44.34,94347
11.445,BARO0,44.35,94345
11.455,BARO0,44.35,94351
11.465,BARO0,44.36,94355
11.475,BARO0,44.36,94323
11.485,BARO0,44.35,94343
11.495,BARO0,44.35,94352
11.505,BARO0,44.36,94344
11.515,BARO0,44.36,94357
11.525,BARO0,44.36,94345
11.535,BARO0,44.37,94361
11.545,BARO0,44.37,94352
11.555,BARO0,44.36,94360
11.565,BARO0,44.38,94354
11.575,BARO0,44.37,94365
11.585,BARO0,44.37,94344
11.595,BARO0,44.36,94364
11.605,BARO0,44.36,94378
11.615,BARO0,44.38,94363
11.625,BARO0,44.37,94349
11.635,BARO0,44.37,94363
11.645,BARO0,44.38,94373
11.655,BARO0,44.38,94381
11.665,BARO0,44.36,94409
11.675,BARO0,44.39,94378
11.685,BARO0,44.39,94398
11.695,BARO0,44.38,94378
11.705,BARO0,44.38,94388
11.715,BARO0,44.38,94382
11.725,BARO0,44.39,94390
11.735,BARO0,44.39,94391
11.745,BARO0,44.38,94393
11.755,BARO0,44.39,94388
11.765,BARO0,44.4,94392
11.775,BARO0,44.39,94393
11.785,BARO0,44.38,94404
11.795,BARO0,44.4,94412
11.805,BARO0,44.41,94406
11.815,BARO0,44.4,94420
11.825,BARO0,44.4,94395
11.835,BARO0,44.41,94404
11.845,BARO0,44.4,94411
11.855,BARO0,44.4,94410
11.865,BARO0,44.41,94416
11.875,BARO0,44.4,94397
11.885,BARO0,44.4,94414
11.895,BARO0,44.41,94419
11.905,BARO0,44.42,94425
11.915,BARO0,44.41,94413
11.925,BARO0,44.4,94431
11.935,BARO0,44.42,94430
11.945,BARO0,44.42,94421
11.955,BARO0,44.42,94430
11.965,BARO0,44.42,94421
11.975,BARO0,44.42,94454
11.985,BARO0,44.44,94445
11.995,BARO0,44.44,94440
12.005,BARO0,44.43,94450
12.015,BARO0,44.41,94441
12.025,BARO0,44.44,94446
12.035,BARO0,44.43,94443
12.045,BARO0,44.44,94441
12.055,BARO0,44.44,94440
12.065,BARO0,44.44,94442
12.075,BARO0,44.45,94408
12.085,BARO0,44.45,94443
12.095,BARO0,44.46,94459
12.105,BARO0,44.44,94463
12.115,BARO0,44.45,94459
12.125,BARO0,44.44,94466
12.135,BARO0,44.45,94455
12.145,BARO0,44.44,94463
12.155,BARO0,44.44,94459
12.165,BARO0,44.47,94473
12.175,BARO0,44.46,94475
12.185,BARO0,44.47,94476
12.195,BARO0,44.43,94481
12.205,BARO0,44.46,94493
12.215,BARO0,44.45,94473
12.225,BARO0,44.47,94476
12.235,BARO0,44.46,94479
12.245,BARO0,44.47,94485
12.255,BARO0,44.47,94486
12.265,BARO0,44.48,94488
12.275,BARO0,44.49,94425
12.285,BARO0,44.48,94479
12.295,BARO0,44.48,94496
12.305,BARO0,44.47,94422
12.315,BARO0,44.48,94491
12.325,BARO0,44.48,94501
12.335,BARO0,44.49,94496
12.345,BARO0,44.49,94496
12.355,BARO0,44.49,94517
12.365,BARO0,44.49,94516
12.375,BARO0,44.49,94492
12.385,BARO0,44.48,94508
12.395,BARO0,44.48,94495
12.405,BARO0,44.5,94508
12.415,BARO0,44.49,94486
12.425,BARO0,44.49,94473
12.435,BARO0,44.5,94503
12.445,BARO0,44.5,94515
12.455,BARO0,44.5,94513
12.465,BARO0,44.51,94543
12.475,BARO0,44.5,94529
12.485,BARO0,44.51,94550
12.495,BARO0,44.5,94556
12.505,BARO0,44.52,94548
12.515,BARO0,44.51,94555
12.525,BARO0,44.52,94576
12.535,BARO0,44.51,94557
12.545,BARO0,44.51,94561
12.555,BARO0,44.51,94565
12.565,BARO0,44.51,94553
12.575,BARO0,44.53,94555
12.585,BARO0,44.52,94575
12.595,BARO0,44.52,94558
12.605,BARO0,44.52,94567
12.615,BARO0,44.53,94574
12.625,BARO0,44.52,94564
12.635,BARO0,44.52,94576
12.645,BARO0,44.52,94572
12.655,BARO0,44.53,94575
12.665,BARO0,44.52,94575
12.675,BARO0,44.54,94571
12.685,BARO0,44.54,94574
12.695,BARO0,44.54,94590
12.705,BARO0,44.54,94599
12.715,BARO0,44.54,94598
12.725,BARO0,44.55,94617
12.735,BARO0,44.54,94614
12.745,BARO0,44.54,94611
12.755,BARO0,44.55,94614
12.765,BARO0,44.54,94603
12.775,BARO0,44.55,94620
12.785,BARO0,44.55,94613
12.795,BARO0,44.55,94606
12.805,BARO0,44.55,94610
12.815,BARO0,44.56,94619
12.825,BARO0,44.55,94643
12.835,BARO0,44.56,94621
12.845,BARO0,44.57,94621
12.855,BARO0,44.57,94624
12.865,BARO0,44.57,94605
12.875,BARO0,44.57,94616
12.885,BARO0,44.57,94613
12.895,BARO0,44.58,94650
12.905,BARO0,44.56,94632
12.915,BARO0,44.58,94626
12.925,BARO0,44.57,94654
12.935,BARO0,44.57,94662
12.945,BARO0,44.58,94672
12.955,BARO0,44.58,94696
12.965,BARO0,44.59,94679
12.975,BARO0,44.58,94707
12.985,BARO0,44.58,94746
12.995,BARO0,44.58,94721
13.005,BARO0,44.58,94675
13.015,BARO0,44.59,94695
13.025,BARO0,44.58,94707
13.035,BARO0,44.6,94700
13.045,BARO0,44.6,94697
13.055,BARO0,44.61,94693
13.065,BARO0,44.6,94688
13.075,BARO0,44.61,94686
13.085,BARO0,44.6,94690
13.095,BARO0,44.61,94690
13.105,BARO0,44.6,94707
13.115,BARO0,44.6,94698
13.125,BARO0,44.6,94707
13.135,BARO0,44.61,94705
13.145,BARO0,44.62,94730
13.155,BARO0,44.61,94732
13.165,BARO0,44.61,94730
13.175,BARO0,44.6,94759
13.185,BARO0,44.61,94776
13.195,BARO0,44.62,94781
13.205,BARO0,44.64,94779
13.215,BARO0,44.62,94761
13.225,BARO0,44.63,94768
13.235,BARO0,44.64,94762
13.245,BARO0,44.63,94778
13.255,BARO0,44.63,94789
13.265,BARO0,44.64,94780
13.275,BARO0,44.65,94782
13.285,BARO0,44.63,94794
13.295,BARO0,44.65,94777
13.305,BARO0,44.65,94775
13.315,BARO0,44.64,94734
13.325,BARO0,44.64,94733
13.335,BARO0,44.64,94777
13.345,BARO0,44.66,94834
13.355,BARO0,44.64,95383
13.365,BARO0,44.65,95254
13.375,BARO0,44.64,95253
13.385,BARO0,44.64,95270
13.395,BARO0,44.66,95216
13.405,BARO0,44.65,95206
13.415,BARO0,44.66,95159
13.425,BARO0,44.66,95080
13.435,BARO0,44.66,95049
13.445,BARO0,44.66,94871
13.455,BARO0,44.66,94728
13.465,BARO0,44.65,94607
13.475,BARO0,44.65,94563
13.485,BARO0,44.66,94718
13.495,BARO0,44.66,94732
13.505,BARO0,44.65,94771
13.515,BARO0,44.64,94927
13.525,BARO0,44.64,94914
13.535,BARO0,44.64,95160
13.545,BARO0,44.64,94948
13.555,BARO0,44.64,94869
13.565,BARO0,44.64,95161
13.575,BARO0,44.65,95269
13.585,BARO0,44.64,95216
13.595,BARO0,44.64,95158
13.605,BARO0,44.64,95127
13.615,BARO0,44.64,95140
13.625,BARO0,44.64,95096
13.635,BARO0,44.63,95057
13.645,BARO0,44.63,94999
13.655,BARO0,44.62,95127
13.665,BARO0,44.63,95050
13.675,BARO0,44.62,95230
13.685,BARO0,44.64,95352
13.695,BARO0,44.61,95341
13.705,BARO0,44.61,95382
13.715,BARO0,44.6,95497
13.725,BARO0,44.58,95496
13.735,BARO0,44.59,95502
13.745,BARO0,44.58,95503
13.755,BARO0,44.57,95525
13.765,BARO0,44.57,95541
13.775,BARO0,44.54,95431
13.785,BARO0,44.56,95458
13.795,BARO0,44.54,95397
13.805,BARO0,44.52,95297
13.815,BARO0,44.51,95338
13.825,BARO0,44.5,95238
13.835,BARO0,44.48,95579
13.845,BARO0,44.46,95281
13.855,BARO0,44.45,95262
13.865,BARO0,44.42,95172
13.875,BARO0,44.42,95262
13.885,BARO0,44.41,95389
13.895,BARO0,44.38,95315
13.905,BARO0,44.37,95404
13.915,BARO0,44.33,95259
13.925,BARO0,44.33,95346
13.935,BARO0,44.3,95385
13.945,BARO0,44.27,95478
13.955,BARO0,44.26,95274
13.965,BARO0,44.23,95514
13.975,BARO0,44.21,95404
13.985,BARO0,44.19,95294
13.995,BARO0,44.17,95345
14.005,BARO0,44.14,95345
14.015,BARO0,44.12,95397
14.025,BARO0,44.09,95352
14.035,BARO0,44.06,95256
14.045,BARO0,44.04,95376
14.055,BARO0,44.02,95457
14.065,BARO0,44,95391
14.075,BARO0,43.98,95268
14.085,BARO0,43.95,95347
14.095,BARO0,43.94,95370
14.105,BARO0,43.87,95555
14.115,BARO0,43.85,95290
14.125,BARO0,43.83,95315
14.135,BARO0,43.82,95285
14.145,BARO0,43.79,95331
14.155,BARO0,43.77,95363
14.165,BARO0,43.74,95383
14.175,BARO0,43.71,95444
14.185,BARO0,43.7,95300
14.195,BARO0,43.65,95381
14.205,BARO0,43.66,95369
14.215,BARO0,43.62,95381
14.225,BARO0,43.6,95381
14.235,BARO0,43.59,95311
14.245,BARO0,43.58,95355
14.255,BARO0,43.56,95453
14.265,BARO0,43.54,95364
14.275,BARO0,43.53,95487
14.285,BARO0,43.51,95314
14.295,BARO0,43.48,95397
14.305,BARO0,43.48,95503
14.315,BARO0,43.46,95356
14.325,BARO0,43.45,95591
14.335,BARO0,43.43,95450
14.345,BARO0,43.42,95499
14.355,BARO0,43.39,95569
14.365,BARO0,43.39,95499
14.375,BARO0,43.37,95571
14.385,BARO0,43.35,95621
14.395,BARO0,43.35,95599
14.405,BARO0,43.34,95577
14.415,BARO0,43.33,95605
14.425,BARO0,43.31,95598
14.435,BARO0,43.3,95634
14.445,BARO0,43.28,95649
14.455,BARO0,43.27,95643
14.465,BARO0,43.28,95665
14.475,BARO0,43.25,95708
14.485,BARO0,43.26,95648
14.495,BARO0,43.24,95675
14.505,BARO0,43.22,95683
14.515,BARO0,43.23,95674
14.525,BARO0,43.21,95700
14.535,BARO0,43.19,95714
14.545,BARO0,43.18,95693
14.555,BARO0,43.18,95693
14.565,BARO0,43.15,95703
14.575,BARO0,43.16,95706
14.585,BARO0,43.15,95711
14.595,BARO0,43.15,95731
14.605,BARO0,43.12,95724
14.615,BARO0,43.14,95787
14.625,BARO0,43.12,95733
14.635,BARO0,43.11,95718
14.645,BARO0,43.11,95755
14.655,BARO0,43.1,95752
14.665,BARO0,43.1,95722
14.675,BARO0,43.08,95760
14.685,BARO0,43.07,95745
14.695,BARO0,43.07,95752
14.705,BARO0,43.05,95752
14.715,BARO0,43.05,95787
14.725,BARO0,43.04,95772
14.735,BARO0,43.04,95752
14.745,BARO0,43.04,95749
14.755,BARO0,43.02,95735
14.765,BARO0,43.03,95794
14.775,BARO0,43.02,95719
14.785,BARO0,43,95753
14.795,BARO0,43,95798
14.805,BARO0,43,95771
14.815,BARO0,42.98,95748
14.825,BARO0,42.99,95807
14.835,BARO0,42.97,95758
14.845,BARO0,42.96,95809
14.855,BARO0,42.97,95776
14.865,BARO0,42.97,95803
14.875,BARO0,42.94,95814
14.885,BARO0,42.94,95787
14.895,BARO0,42.95,95787
14.905,BARO0,42.94,95816
14.915,BARO0,42.93,95787
14.925,BARO0,42.93,95794
14.935,BARO0,42.91,95804
14.945,BARO0,42.91,95813
14.955,BARO0,42.92,95840
14.965,BARO0,42.9,95814
14.975,BARO0,42.9,95833
14.985,BARO0,42.9,95769
14.995,BARO0,42.89,95837
15.005,BARO0,42.89,95835
15.015,BARO0,42.88,95875
15.025,BARO0,42.86,95881
15.035,BARO0,42.87,95861
15.045,BARO0,42.85,95936
15.055,BARO0,42.86,95845
15.065,BARO0,42.85,95886
15.075,BARO0,42.87,95894
15.085,BARO0,42.84,95890
15.095,BARO0,42.84,95850
15.105,BARO0,42.83,95896
15.115,BARO0,42.84,95969
15.125,BARO0,42.82,95976
15.135,BARO0,42.83,96011
15.145,BARO0,42.82,95924
15.155,BARO0,42.81,95980
15.165,BARO0,42.82,96052
15.175,BARO0,42.81,95961
15.185,BARO0,42.81,95998
15.195,BARO0,42.8,96043
15.205,BARO0,42.79,96038
15.215,BARO0,42.78,96028
15.225,BARO0,42.77,96015
15.235,BARO0,42.77,96004
15.245,BARO0,42.78,96023
15.255,BARO0,42.77,96054
15.265,BARO0,42.75,96036
15.275,BARO0,42.77,96027
15.285,BARO0,42.77,95988
15.295,BARO0,42.74,96008
15.305,BARO0,42.74,96008
15.315,BARO0,42.73,96035
15.325,BARO0,42.73,96058
15.335,BARO0,42.73,96011
15.345,BARO0,42.73,96041
15.355,BARO0,42.72,96000
15.365,BARO0,42.72,96027
15.375,BARO0,42.71,96060
15.385,BARO0,42.71,96038
15.395,BARO0,42.71,96106
15.405,BARO0,42.71,96095
15.415,BARO0,42.7,96108
15.425,BARO0,42.69,96141
15.435,BARO0,42.68,96091
15.445,BARO0,42.67,96076
15.455,BARO0,42.67,96114
15.465,BARO0,42.65,96141
15.475,BARO0,42.64,96060
15.485,BARO0,42.65,96062
15.495,BARO0,42.64,96096
15.505,BARO0,42.62,96112
15.515,BARO0,42.62,96098
15.525,BARO0,42.62,96071
15.535,BARO0,42.62,96061
15.545,BARO0,42.61,96073
15.555,BARO0,42.61,96124
15.565,BARO0,42.6,96086
15.575,BARO0,42.6,96069
15.585,BARO0,42.59,96117
15.595,BARO0,42.58,96036
15.605,BARO0,42.58,96004
15.615,BARO0,42.59,95945
15.625,BARO0,42.58,95879
15.635,BARO0,42.57,96001
15.645,BARO0,42.57,95918
15.655,BARO0,42.57,95863
15.665,BARO0,42.55,95893
15.675,BARO0,42.56,95959
15.685,BARO0,42.55,96057
15.695,BARO0,42.54,96170
15.705,BARO0,42.53,95973
15.715,BARO0,42.55,96079
15.725,BARO0,42.54,95962
15.735,BARO0,42.53,96088
15.745,BARO0,42.52,96007
15.755,BARO0,42.51,96130
15.765,BARO0,42.49,96051
15.775,BARO0,42.51,96039
15.785,BARO0,42.5,96046
15.795,BARO0,42.49,96001
15.805,BARO0,42.49,96029
15.815,BARO0,42.49,96028
15.825,BARO0,42.48,96110
15.835,BARO0,42.47,96002
15.845,BARO0,42.48,96093
15.855,BARO0,42.47,95947
15.865,BARO0,42.47,95929
15.875,BARO0,42.43,96132
15.885,BARO0,42.44,96145
15.895,BARO0,42.45,96176
15.905,BARO0,42.43,96061
15.915,BARO0,42.41,95927
15.925,BARO0,42.43,96079
15.935,BARO0,42.4,96204
15.945,BARO0,42.39,96359
15.955,BARO0,42.39,96181
15.965,BARO0,42.39,96057
15.975,BARO0,42.38,96047
15.985,BARO0,42.38,96016
15.995,BARO0,42.37,96196
16.005,BARO0,42.35,96108
16.015,BARO0,42.38,96029
16.025,BARO0,42.34,96035
16.035,BARO0,42.35,96000
16.045,BARO0,42.34,96086
16.055,BARO0,42.33,96163
16.065,BARO0,42.33,95987
16.075,BARO0,42.34,96123
16.085,BARO0,42.34,96063
16.095,BARO0,42.32,96201
16.105,BARO0,42.32,96079
16.115,BARO0,42.32,96345
16.125,BARO0,42.32,96387
16.135,BARO0,42.32,96227
16.145,BARO0,42.32,96252
16.155,BARO0,42.33,96213
16.165,BARO0,42.32,96168
16.175,BARO0,42.31,96146
16.185,BARO0,42.31,96218
16.195,BARO0,42.32,96388
16.205,BARO0,42.31,96306
16.215,BARO0,42.29,96175
16.225,BARO0,42.3,96324
16.235,BARO0,42.31,96329
16.245,BARO0,42.3,96318
16.255,BARO0,42.3,96393
16.265,BARO0,42.3,96398
16.275,BARO0,42.29,96200
16.285,BARO0,42.29,96312
16.295,BARO0,42.3,96240
16.305,BARO0,42.28,96243
16.315,BARO0,42.27,96305
16.325,BARO0,42.27,96317
16.335,BARO0,42.28,96304
16.345,BARO0,42.28,96389
16.355,BARO0,42.28,96314
16.365,BARO0,42.26,96404
16.375,BARO0,42.28,96427
16.385,BARO0,42.26,96286
16.395,BARO0,42.27,96401
16.405,BARO0,42.28,96391
16.415,BARO0,42.25,96290
16.425,BARO0,42.27,96420
16.435,BARO0,42.27,96387
16.445,BARO0,42.25,96471
16.455,BARO0,42.26,96458
16.465,BARO0,42.24,96448
16.475,BARO0,42.27,96451
16.485,BARO0,42.27,96472
16.495,BARO0,42.23,96372
16.505,BARO0,42.24,96449
16.515,BARO0,42.24,96413
16.525,BARO0,42.25,96432
16.535,BARO0,42.24,96500
16.545,BARO0,42.24,96499
16.555,BARO0,42.24,96435
16.565,BARO0,42.23,96559
16.575,BARO0,42.24,96403
16.585,BARO0,42.22,96448
16.595,BARO0,42.21,96553
16.605,BARO0,42.22,96441
16.615,BARO0,42.23,96559
16.625,BARO0,42.21,96505
16.635,BARO0,42.21,96477
16.645,BARO0,42.22,96474
16.655,BARO0,42.21,96572
16.665,BARO0,42.2,96551
16.675,BARO0,42.19,96522
16.685,BARO0,42.19,96548
16.695,BARO0,42.19,96504
16.705,BARO0,42.21,96612
16.715,BARO0,42.19,96594
16.725,BARO0,42.19,96602
16.735,BARO0,42.19,96653
16.745,BARO0,42.19,96623
16.755,BARO0,42.19,96612
16.765,BARO0,42.2,96632
16.775,BARO0,42.17,96651
16.785,BARO0,42.17,96643
16.795,BARO0,42.18,96618
16.805,BARO0,42.18,96634
16.815,BARO0,42.17,96669
16.825,BARO0,42.16,96642
16.835,BARO0,42.17,96667
16.845,BARO0,42.17,96681
16.855,BARO0,42.16,96714
16.865,BARO0,42.15,96697
16.875,BARO0,42.16,96659
16.885,BARO0,42.15,96641
16.895,BARO0,42.16,96638
16.905,BARO0,42.17,96682
16.915,BARO0,42.15,96698
16.925,BARO0,42.16,96735
16.935,BARO0,42.15,96708
16.945,BARO0,42.15,96710
16.955,BARO0,42.15,96723
16.965,BARO0,42.15,96646
16.975,BARO0,42.16,96721
16.985,BARO0,42.16,96795
16.995,BARO0,42.15,96747
17.005,BARO0,42.14,96830
17.015,BARO0,42.14,96732
17.025,BARO0,42.14,96703
17.035,BARO0,42.14,96824
17.045,BARO0,42.15,96798
17.055,BARO0,42.13,96781
17.065,BARO0,42.12,96771
17.075,BARO0,42.13,96775
17.085,BARO0,42.14,96664
17.095,BARO0,42.14,96738
17.105,BARO0,42.14,96810
17.115,BARO0,42.13,96769
17.125,BARO0,42.13,96726
17.135,BARO0,42.13,96799
17.145,BARO0,42.13,96680
17.155,BARO0,42.11,96721
17.165,BARO0,42.12,96858
17.175,BARO0,42.13,96764
17.185,BARO0,42.13,96828
17.195,BARO0,42.12,96652
17.205,BARO0,42.11,96623
17.215,BARO0,42.11,96668
17.225,BARO0,42.12,96700
17.235,BARO0,42.1,96858
17.245,BARO0,42.1,96806
17.255,BARO0,42.1,96750
17.265,BARO0,42.1,96728
17.275,BARO0,42.1,96721
17.285,BARO0,42.09,96690
17.295,BARO0,42.1,96816
17.305,BARO0,42.08,96675
17.315,BARO0,42.09,96672
17.325,BARO0,42.08,96740
17.335,BARO0,42.07,96779
17.345,BARO0,42.07,96791
17.355,BARO0,42.09,96898
17.365,BARO0,42.06,96898
17.375,BARO0,42.07,97075
17.385,BARO0,42.07,96907
17.395,BARO0,42.08,96886
17.405,BARO0,42.09,96986
17.415,BARO0,42.1,97002
17.425,BARO0,42.09,97063
17.435,BARO0,42.07,97082
17.445,BARO0,42.08,97059
17.455,BARO0,42.07,97082
17.465,BARO0,42.08,97064
17.475,BARO0,42.08,97114
17.485,BARO0,42.08,97162
17.495,BARO0,42.06,97102
17.505,BARO0,42.08,97143
17.515,BARO0,42.08,97154
17.525,BARO0,42.08,97185
17.535,BARO0,42.06,97233
17.545,BARO0,42.06,97266
17.555,BARO0,42.06,97349
17.565,BARO0,42.06,97368
17.575,BARO0,42.06,97377
17.585,BARO0,42.06,97444
17.595,BARO0,42.05,97470
17.605,BARO0,42.04,97461
17.615,BARO0,42.06,97435
17.625,BARO0,42.07,97493
17.635,BARO0,42.06,97409
17.645,BARO0,42.05,97479
17.655,BARO0,42.06,97504
17.665,BARO0,42.05,97474
17.675,BARO0,42.06,97525
17.685,BARO0,42.05,97520
17.695,BARO0,42.05,97515
17.705,BARO0,42.04,97562
17.715,BARO0,42.04,97506
17.725,BARO0,42.04,97515
17.735,BARO0,42.03,97529
17.745,BARO0,42.04,97545
17.755,BARO0,42.04,97575
17.765,BARO0,42.04,97507
17.775,BARO0,42.03,97538
17.785,BARO0,42.04,97537
17.795,BARO0,42.02,97496
17.805,BARO0,42.03,97532
17.815,BARO0,42.03,97500
17.825,BARO0,42.02,97437
17.835,BARO0,42.02,97482
17.845,BARO0,42.01,97531
17.855,BARO0,42.01,97486
17.865,BARO0,42.02,97344
17.875,BARO0,42.02,97349
17.885,BARO0,42.03,97457
17.895,BARO0,42.02,97386
17.905,BARO0,42,97251
17.915,BARO0,42.02,97059
17.925,BARO0,42.01,97213
17.935,BARO0,42.01,97128
17.945,BARO0,42,97341
17.955,BARO0,42,97503
17.965,BARO0,42.01,97253
17.975,BARO0,41.99,97408
17.985,BARO0,42.01,97367
17.995,BARO0,42,97352
18.005,BARO0,41.98,97370
18.015,BARO0,41.99,97209
18.025,BARO0,41.98,97349
18.035,BARO0,41.99,97282
18.045,BARO0,41.98,97181
18.055,BARO0,41.99,97316
18.065,BARO0,42,97271
18.075,BARO0,41.98,97279
18.085,BARO0,41.98,97354
18.095,BARO0,42,97290
18.105,BARO0,42,97210
18.115,BARO0,41.98,97362
18.125,BARO0,41.95,97350
18.135,BARO0,41.97,97346
18.145,BARO0,41.98,97433
18.155,BARO0,41.98,97266
18.165,BARO0,41.97,97307
18.175,BARO0,41.98,97477
18.185,BARO0,41.97,97255
18.195,BARO0,41.97,97444
18.205,BARO0,41.97,97523
18.215,BARO0,41.96,97331
18.225,BARO0,41.94,97405
18.235,BARO0,41.95,97438
18.245,BARO0,41.95,97523
18.255,BARO0,41.95,97568
18.265,BARO0,41.94,97591
18.275,BARO0,41.95,97624
18.285,BARO0,41.94,97347
18.295,BARO0,41.95,97635
18.305,BARO0,41.95,97658
18.315,BARO0,41.94,97481
18.325,BARO0,41.92,97423
18.335,BARO0,41.93,97650
18.345,BARO0,41.93,97573
18.355,BARO0,41.93,97501
18.365,BARO0,41.93,97470
18.375,BARO0,41.92,97602
18.385,BARO0,41.91,97553
18.395,BARO0,41.92,97697
18.405,BARO0,41.9,97677
18.415,BARO0,41.91,97519
18.425,BARO0,41.91,97507
18.435,BARO0,41.92,97572
18.445,BARO0,41.9,97537
18.455,BARO0,41.92,97446
18.465,BARO0,41.9,97601
18.475,BARO0,41.92,97611
18.485,BARO0,41.9,97592
18.495,BARO0,41.9,97629
18.505,BARO0,41.91,97644
18.515,BARO0,41.88,97560
18.525,BARO0,41.89,97596
18.535,BARO0,41.89,97602
18.545,BARO0,41.88,97569
18.555,BARO0,41.9,97500
18.565,BARO0,41.87,97620
18.575,BARO0,41.88,97576
18.585,BARO0,41.88,97538
18.595,BARO0,41.87,97595
18.605,BARO0,41.89,97456
18.615,BARO0,41.87,97535
18.625,BARO0,41.86,97590
18.635,BARO0,41.85,97674
18.645,BARO0,41.87,97499
18.655,BARO0,41.88,97353
18.665,BARO0,41.86,97472
18.675,BARO0,41.85,97607
18.685,BARO0,41.87,97619
18.695,BARO0,41.86,97726
18.705,BARO0,41.85,97575
18.715,BARO0,41.86,97569
18.725,BARO0,41.85,97809
18.735,BARO0,41.85,97627
18.745,BARO0,41.85,97841
18.755,BARO0,41.84,97814
18.765,BARO0,41.84,97679
18.775,BARO0,41.84,97734
18.785,BARO0,41.83,97795
18.795,BARO0,41.83,97789
18.805,BARO0,41.82,97763
18.815,BARO0,41.83,97909
18.825,BARO0,41.82,97810
18.835,BARO0,41.83,98019
18.845,BARO0,41.82,97624
18.855,BARO0,41.82,97696
18.865,BARO0,41.82,97889
18.875,BARO0,41.8,97876
18.885,BARO0,41.81,97854
18.895,BARO0,41.81,97833
18.905,BARO0,41.81,97804
18.915,BARO0,41.8,97671
18.925,BARO0,41.79,97816
18.935,BARO0,41.8,97885
18.945,BARO0,41.8,97963
18.955,BARO0,41.79,97869
18.965,BARO0,41.79,97901
18.975,BARO0,41.79,97809
18.985,BARO0,41.79,97839
18.995,BARO0,41.78,97936
19.005,BARO0,41.78,97968
19.015,BARO0,41.76,97895
19.025,BARO0,41.75,97836
19.035,BARO0,41.77,97898
19.045,BARO0,41.76,97879
19.055,BARO0,41.76,97949
19.065,BARO0,41.75,97861
19.075,BARO0,41.74,97857
19.085,BARO0,41.75,97889
19.095,BARO0,41.75,97928
19.105,BARO0,41.73,97939
19.115,BARO0,41.74,97819
19.125,BARO0,41.73,97975
19.135,BARO0,41.72,97979
19.145,BARO0,41.71,98063
19.155,BARO0,41.71,97987
19.165,BARO0,41.71,97965
19.175,BARO0,41.7,97986
19.185,BARO0,41.7,97981
19.195,BARO0,41.7,98027
19.205,BARO0,41.69,98057
19.215,BARO0,41.68,98114
19.225,BARO0,41.68,98053
19.235,BARO0,41.68,98062
19.245,BARO0,41.68,98089
19.255,BARO0,41.68,98149
19.265,BARO0,41.68,98226
19.275,BARO0,41.67,98170
19.285,BARO0,41.68,98242
19.295,BARO0,41.66,98272
19.305,BARO0,41.66,98287
19.315,BARO0,41.66,98338
19.325,BARO0,41.66,98405
19.335,BARO0,41.67,98428
19.345,BARO0,41.65,98453
19.355,BARO0,41.65,98548
19.365,BARO0,41.65,98570
19.375,BARO0,41.64,98601
19.385,BARO0,41.65,98609
19.395,BARO0,41.64,98619
19.405,BARO0,41.63,98614
19.415,BARO0,41.63,98554
19.425,BARO0,41.61,98515
19.435,BARO0,41.63,98961
19.445,BARO0,41.62,98935
19.455,BARO0,41.61,98965
19.465,BARO0,41.6,99018
19.475,BARO0,41.59,99096
19.485,BARO0,41.58,98944
19.495,BARO0,41.57,98960
19.505,BARO0,41.56,98944
19.515,BARO0,41.54,98958
19.525,BARO0,41.52,98988
19.535,BARO0,41.53,99055
19.545,BARO0,41.5,99071
19.555,BARO0,41.5,98828
19.565,BARO0,41.49,98875
19.575,BARO0,41.48,98980
19.585,BARO0,41.48,98955
19.595,BARO0,41.47,98927
19.605,BARO0,41.47,98746
19.615,BARO0,41.45,98789
19.625,BARO0,41.42,99053
19.635,BARO0,41.41,98995
19.645,BARO0,41.4,98781
19.655,BARO0,41.39,98745
19.665,BARO0,41.38,99027
19.675,BARO0,41.36,98930
19.685,BARO0,41.36,98728
19.695,BARO0,41.36,98834
19.705,BARO0,41.33,98971
19.715,BARO0,41.31,99001
19.725,BARO0,41.3,98795
19.735,BARO0,41.29,98668
19.745,BARO0,41.28,98595
19.755,BARO0,41.27,98514
19.765,BARO0,41.26,98411
19.775,BARO0,41.24,98592
19.785,BARO0,41.26,98529
19.795,BARO0,41.24,98609
19.805,BARO0,41.24,98880
19.815,BARO0,41.23,98682
19.825,BARO0,41.21,98574
19.835,BARO0,41.2,98771
19.845,BARO0,41.2,98851
19.855,BARO0,41.19,98774
19.865,BARO0,41.19,98692
19.875,BARO0,41.17,98565
19.885,BARO0,41.16,98924
19.895,BARO0,41.14,98932
19.905,BARO0,41.13,98991
19.915,BARO0,41.12,98714
19.925,BARO0,41.11,98792
19.935,BARO0,41.09,98823
19.945,BARO0,41.08,98843
19.955,BARO0,41.05,98875
19.965,BARO0,41.04,98838
19.975,BARO0,41.04,99025
19.985,BARO0,41.01,98994
19.995,BARO0,41,99049
20.005,BARO0,40.97,99045
20.015,BARO0,40.94,98991
20.025,BARO0,40.94,99099
20.035,BARO0,40.92,99200
20.045,BARO0,40.88,99273
20.055,BARO0,40.88,99361
20.065,BARO0,40.86,99342
20.075,BARO0,40.83,99361
20.085,BARO0,40.8,99320
20.095,BARO0,40.79,99306
20.105,BARO0,40.77,99324
20.115,BARO0,40.74,99299
20.125,BARO0,40.74,99273
20.135,BARO0,40.7,99222
20.145,BARO0,40.68,99284
20.155,BARO0,40.66,99257
20.165,BARO0,40.64,99259
20.175,BARO0,40.63,99282
20.185,BARO0,40.6,99371
20.195,BARO0,40.59,99337
20.205,BARO0,40.59,99322
20.215,BARO0,40.56,99273
20.225,BARO0,40.55,99215
20.235,BARO0,40.53,99341
20.245,BARO0,40.51,99337
20.255,BARO0,40.49,99316
20.265,BARO0,40.48,99382
20.275,BARO0,40.46,99364
20.285,BARO0,40.45,99363
20.295,BARO0,40.44,99089
20.305,BARO0,40.42,99173
20.315,BARO0,40.38,99218
20.325,BARO0,40.36,99245
20.335,BARO0,40.36,99231
20.345,BARO0,40.33,99281
20.355,BARO0,40.31,99384
20.365,BARO0,40.3,99370
20.375,BARO0,40.29,99405
20.385,BARO0,40.28,99376
20.395,BARO0,40.26,99360
20.405,BARO0,40.23,99287
20.415,BARO0,40.2,99184
20.425,BARO0,40.19,99289
20.435,BARO0,40.16,98876
20.445,BARO0,40.12,98929
20.455,BARO0,40.09,98742
20.465,BARO0,40.11,98657
20.475,BARO0,40.06,98426